A. L. McCann: https://en.wikipedia.org/wiki/A._L._McCann
A. S. Patrić: https://en.wikipedia.org/wiki/A._S._Patri%C4%87
Ada Augusta Holman: https://en.wikipedia.org/wiki/Ada_Augusta_Holman
Ada Cambridge: https://en.wikipedia.org/wiki/Ada_Cambridge
Adib Khan: https://en.wikipedia.org/wiki/Adib_Khan
Adrian Hyland: https://en.wikipedia.org/wiki/Adrian_Hyland
Adrian d'Hagé: https://en.wikipedia.org/wiki/Adrian_d%27Hag%C3%A9
Alan Baxter (author): https://en.wikipedia.org/wiki/Alan_Baxter_(author)
Alan Clay: https://en.wikipedia.org/wiki/Alan_Clay
Alan Collins (writer): https://en.wikipedia.org/wiki/Alan_Collins_(writer)
Alan Gold (author): https://en.wikipedia.org/wiki/Alan_Gold_(author)
Alan Gould: https://en.wikipedia.org/wiki/Alan_Gould
Alan Seymour: https://en.wikipedia.org/wiki/Alan_Seymour
Alasdair Duncan: https://en.wikipedia.org/wiki/Alasdair_Duncan
Albert Dorrington: https://en.wikipedia.org/wiki/Albert_Dorrington
Alex Buzo: https://en.wikipedia.org/wiki/Alex_Buzo
Alex Hammond (author): https://en.wikipedia.org/wiki/Alex_Hammond_(author)
Alex Miller (writer): https://en.wikipedia.org/wiki/Alex_Miller_(writer)
Alexander Harris (writer): https://en.wikipedia.org/wiki/Alexander_Harris_(writer)
Alexandra Adornetto: https://en.wikipedia.org/wiki/Alexandra_Adornetto
Alexandra Joel: https://en.wikipedia.org/wiki/Alexandra_Joel
Alexis Wright: https://en.wikipedia.org/wiki/Alexis_Wright
Alfred Arthur Greenwood Hales: https://en.wikipedia.org/wiki/Alfred_Arthur_Greenwood_Hales
Alice Campion: https://en.wikipedia.org/wiki/Alice_Campion
Alice Grant Rosman: https://en.wikipedia.org/wiki/Alice_Grant_Rosman
Alice Guerin Crist: https://en.wikipedia.org/wiki/Alice_Guerin_Crist
Alice Pung: https://en.wikipedia.org/wiki/Alice_Pung
Alison Booth: https://en.wikipedia.org/wiki/Alison_Booth
Alison Croggon: https://en.wikipedia.org/wiki/Alison_Croggon
Alison Goodman: https://en.wikipedia.org/wiki/Alison_Goodman
Allan Baillie: https://en.wikipedia.org/wiki/Allan_Baillie
Ally Blake: https://en.wikipedia.org/wiki/Ally_Blake
Alma De Groen: https://en.wikipedia.org/wiki/Alma_De_Groen
Alyssa Brugman: https://en.wikipedia.org/wiki/Alyssa_Brugman
Amanda Lohrey: https://en.wikipedia.org/wiki/Amanda_Lohrey
Ambelin Kwaymullina: https://en.wikipedia.org/wiki/Ambelin_Kwaymullina
Ambrose Pratt: https://en.wikipedia.org/wiki/Ambrose_Pratt
Amy Witting: https://en.wikipedia.org/wiki/Amy_Witting
Andrea Goldsmith (writer): https://en.wikipedia.org/wiki/Andrea_Goldsmith_(writer)
Andrew Griffiths (author): https://en.wikipedia.org/wiki/Andrew_Griffiths_(author)
Andrew Hutchinson (author): https://en.wikipedia.org/wiki/Andrew_Hutchinson_(author)
Andrew Masterson: https://en.wikipedia.org/wiki/Andrew_Masterson
Andrew McCann: https://en.wikipedia.org/wiki/Andrew_McCann
Andrew McGahan: https://en.wikipedia.org/wiki/Andrew_McGahan
Andrew O'Connor (writer): https://en.wikipedia.org/wiki/Andrew_O%27Connor_(writer)
András Domahidy: https://en.wikipedia.org/wiki/Andr%C3%A1s_Domahidy
Andy Griffiths (author): https://en.wikipedia.org/wiki/Andy_Griffiths_(author)
Angela Malone: https://en.wikipedia.org/wiki/Angela_Malone
Angelo Loukakis: https://en.wikipedia.org/wiki/Angelo_Loukakis
Anita Heiss: https://en.wikipedia.org/wiki/Anita_Heiss
Ann Grocott: https://en.wikipedia.org/wiki/Ann_Grocott
Anna Funder: https://en.wikipedia.org/wiki/Anna_Funder
Anna Goldsworthy: https://en.wikipedia.org/wiki/Anna_Goldsworthy
Anna Maria Bunn: https://en.wikipedia.org/wiki/Anna_Maria_Bunn
Anna Tambour: https://en.wikipedia.org/wiki/Anna_Tambour
Annah Faulkner: https://en.wikipedia.org/wiki/Annah_Faulkner
Anne Brooksbank: https://en.wikipedia.org/wiki/Anne_Brooksbank
Anne Buist: https://en.wikipedia.org/wiki/Anne_Buist
Anne Spencer Parry: https://en.wikipedia.org/wiki/Anne_Spencer_Parry
Anne Wilson (poet): https://en.wikipedia.org/wiki/Anne_Wilson_(poet)
Anthony Eaton: https://en.wikipedia.org/wiki/Anthony_Eaton
Anthony Macris: https://en.wikipedia.org/wiki/Anthony_Macris
Anthony O'Neill: https://en.wikipedia.org/wiki/Anthony_O%27Neill
Antonella Gambotto-Burke: https://en.wikipedia.org/wiki/Antonella_Gambotto-Burke
Antoni Jach: https://en.wikipedia.org/wiki/Antoni_Jach
Arabella Edge: https://en.wikipedia.org/wiki/Arabella_Edge
Archie Weller: https://en.wikipedia.org/wiki/Archie_Weller
Arlene J. Chai: https://en.wikipedia.org/wiki/Arlene_J._Chai
Arnold Zable: https://en.wikipedia.org/wiki/Arnold_Zable
Arthur Upfield: https://en.wikipedia.org/wiki/Arthur_Upfield
Australian literature: https://en.wikipedia.org/wiki/Australian_literature
Azhar Abidi: https://en.wikipedia.org/wiki/Azhar_Abidi
Barbara Baynton: https://en.wikipedia.org/wiki/Barbara_Baynton
Barbara Biggs: https://en.wikipedia.org/wiki/Barbara_Biggs
Barbara Hannay: https://en.wikipedia.org/wiki/Barbara_Hannay
Barbara Hanrahan: https://en.wikipedia.org/wiki/Barbara_Hanrahan
Barbara Jefferis: https://en.wikipedia.org/wiki/Barbara_Jefferis
Barry Maitland: https://en.wikipedia.org/wiki/Barry_Maitland
Barry Oakley: https://en.wikipedia.org/wiki/Barry_Oakley
Beatrice Osborn: https://en.wikipedia.org/wiki/Margaret_Fane
Beatriz Copello: https://en.wikipedia.org/wiki/Beatriz_Copello
Belinda Castles: https://en.wikipedia.org/wiki/Belinda_Castles
Bem Le Hunte: https://en.wikipedia.org/wiki/Bem_Le_Hunte
Ben Elton: https://en.wikipedia.org/wiki/Ben_Elton
Ben Winch: https://en.wikipedia.org/wiki/Ben_Winch
Bernard Cohen (Australian author): https://en.wikipedia.org/wiki/Bernard_Cohen_(Australian_author)
Bernard Cronin: https://en.wikipedia.org/wiki/Bernard_Cronin
Bertha Southey Brammall: https://en.wikipedia.org/wiki/Bertha_Southey_Brammall
Beverley Farmer: https://en.wikipedia.org/wiki/Beverley_Farmer
Beverley Harper: https://en.wikipedia.org/wiki/Beverley_Harper
Bill Leak: https://en.wikipedia.org/wiki/Bill_Leak
Blanche d'Alpuget: https://en.wikipedia.org/wiki/Blanche_d%27Alpuget
Boyd Oxlade: https://en.wikipedia.org/wiki/Boyd_Oxlade
Brenda Walker: https://en.wikipedia.org/wiki/Brenda_Walker
Brett McBean: https://en.wikipedia.org/wiki/Brett_McBean
Brian Castro: https://en.wikipedia.org/wiki/Brian_Castro
Brian Matthews (writer): https://en.wikipedia.org/wiki/Brian_Matthews_(writer)
Brian Penton: https://en.wikipedia.org/wiki/Brian_Penton
Bronwyn Donaghy: https://en.wikipedia.org/wiki/Bronwyn_Donaghy
Brooke Davis (writer): https://en.wikipedia.org/wiki/Brooke_Davis_(writer)
Bryce Courtenay: https://en.wikipedia.org/wiki/Bryce_Courtenay
Bunty Avieson: https://en.wikipedia.org/wiki/Bunty_Avieson
Candice Fox: https://en.wikipedia.org/wiki/Candice_Fox
Capel Boake: https://en.wikipedia.org/wiki/Capel_Boake
Carlton Dawe: https://en.wikipedia.org/wiki/Carlton_Dawe
Carmel Bird: https://en.wikipedia.org/wiki/Carmel_Bird
Caroline Carver (author): https://en.wikipedia.org/wiki/Caroline_Carver_(author)
Caroline Woolmer Leakey: https://en.wikipedia.org/wiki/Caroline_Leakey
Carrie Tiffany: https://en.wikipedia.org/wiki/Carrie_Tiffany
Carter Brown: https://en.wikipedia.org/wiki/Carter_Brown
Cassandra O'Leary: https://en.wikipedia.org/wiki/Cassandra_O%27Leary
Cate Kendall: https://en.wikipedia.org/wiki/Cate_Kendall
Cate Kennedy: https://en.wikipedia.org/wiki/Cate_Kennedy
Category:Use Australian English from January 2017: https://en.wikipedia.org/wiki/Category:Use_Australian_English_from_January_2017
Category:Use dmy dates from January 2017: https://en.wikipedia.org/wiki/Category:Use_dmy_dates_from_January_2017
Cath Crowley: https://en.wikipedia.org/wiki/Cath_Crowley
Catherine Bateson: https://en.wikipedia.org/wiki/Catherine_Bateson
Catherine Edith Macauley Martin: https://en.wikipedia.org/wiki/Catherine_Edith_Macauley_Martin
Catherine Gaskin: https://en.wikipedia.org/wiki/Catherine_Gaskin
Catherine Helen Spence: https://en.wikipedia.org/wiki/Catherine_Helen_Spence
Catherine Langloh Parker: https://en.wikipedia.org/wiki/K._Langloh_Parker
Cecilia Dart-Thornton: https://en.wikipedia.org/wiki/Cecilia_Dart-Thornton
Ceridwen Dovey: https://en.wikipedia.org/wiki/Ceridwen_Dovey
Charles Herbert Shaw: https://en.wikipedia.org/wiki/Charles_Shaw_(writer)
Charles Shaw (writer): https://en.wikipedia.org/wiki/Charles_Shaw_(writer)
Charlotte Jay: https://en.wikipedia.org/wiki/Charlotte_Jay
Charlotte Wood: https://en.wikipedia.org/wiki/Charlotte_Wood
Charmian Clift: https://en.wikipedia.org/wiki/Charmian_Clift
Chloe Hooper: https://en.wikipedia.org/wiki/Chloe_Hooper
Chris Allen (author): https://en.wikipedia.org/wiki/Chris_Allen_(author)
Chris Broadribb: https://en.wikipedia.org/wiki/Chris_Broadribb
Chris Kennedy (filmmaker): https://en.wikipedia.org/wiki/Chris_Kennedy_(filmmaker)
Chris Womersley: https://en.wikipedia.org/wiki/Chris_Womersley
Christina Stead: https://en.wikipedia.org/wiki/Christina_Stead
Christine Harris (author): https://en.wikipedia.org/wiki/Christine_Harris_(author)
Christobel Mattingley: https://en.wikipedia.org/wiki/Christobel_Mattingley
Christopher Kelen: https://en.wikipedia.org/wiki/Christopher_Kelen
Christopher Kenworthy: https://en.wikipedia.org/wiki/Christopher_Kenworthy
Christopher Koch: https://en.wikipedia.org/wiki/Christopher_Koch
Christopher Ride: https://en.wikipedia.org/wiki/Christopher_Ride
Christos Tsiolkas: https://en.wikipedia.org/wiki/Christos_Tsiolkas
Chuck McKenzie: https://en.wikipedia.org/wiki/Chuck_McKenzie
Claire McNab: https://en.wikipedia.org/wiki/Claire_McNab
Colin Cotterill: https://en.wikipedia.org/wiki/Colin_Cotterill
Colin Falconer (writer): https://en.wikipedia.org/wiki/Colin_Falconer_(writer)
Colin Thiele: https://en.wikipedia.org/wiki/Colin_Thiele
Colleen McCullough: https://en.wikipedia.org/wiki/Colleen_McCullough
Conrad Sayce: https://en.wikipedia.org/wiki/Conrad_Sayce
Constance Clyde: https://en.wikipedia.org/wiki/Constance_Clyde
Constance Jane McAdam: https://en.wikipedia.org/wiki/Constance_Clyde
Coral Lansbury: https://en.wikipedia.org/wiki/Coral_Lansbury
Cory Taylor: https://en.wikipedia.org/wiki/Cory_Taylor
Craig Silvey: https://en.wikipedia.org/wiki/Craig_Silvey
Cynthia Reed Nolan: https://en.wikipedia.org/wiki/Cynthia_Reed_Nolan
D'Arcy Niland: https://en.wikipedia.org/wiki/D%27Arcy_Niland
D.B.C. Pierre: https://en.wikipedia.org/wiki/DBC_Pierre
Dal Stivens: https://en.wikipedia.org/wiki/Dal_Stivens
Dale Collins: https://en.wikipedia.org/wiki/Dale_Collins
Damian McDonald (writer): https://en.wikipedia.org/wiki/Damian_McDonald_(writer)
Damien Broderick: https://en.wikipedia.org/wiki/Damien_Broderick
Danielle Wood: https://en.wikipedia.org/wiki/Danielle_Wood
Darren Williams (author): https://en.wikipedia.org/wiki/Darren_Williams_(author)
Dave Luckett: https://en.wikipedia.org/wiki/Dave_Luckett
Dave Warner (musician): https://en.wikipedia.org/wiki/Dave_Warner_(musician)
David Astle: https://en.wikipedia.org/wiki/David_Astle
David Denholm: https://en.wikipedia.org/wiki/David_Denholm
David Foster (novelist): https://en.wikipedia.org/wiki/David_Foster_(novelist)
David Francis (author): https://en.wikipedia.org/wiki/David_Francis_(author)
David Ireland (author): https://en.wikipedia.org/wiki/David_Ireland_(author)
David Malouf: https://en.wikipedia.org/wiki/David_Malouf
David Martin (poet): https://en.wikipedia.org/wiki/David_Martin_(poet)
David Reiter: https://en.wikipedia.org/wiki/David_Reiter
Deborah Burrows: https://en.wikipedia.org/wiki/Deborah_Burrows
Deborah Robertson: https://en.wikipedia.org/wiki/Deborah_Robertson
Debra Adelaide: https://en.wikipedia.org/wiki/Debra_Adelaide
Deirdre Cash: https://en.wikipedia.org/wiki/Deirdre_Cash
Delia Falconer: https://en.wikipedia.org/wiki/Delia_Falconer
Derek Hansen: https://en.wikipedia.org/wiki/Derek_Hansen
Di Morrissey: https://en.wikipedia.org/wiki/Di_Morrissey
Diane Bell (anthropologist): https://en.wikipedia.org/wiki/Diane_Bell_(anthropologist)
Diane Fahey: https://en.wikipedia.org/wiki/Diane_Fahey
Dick Gross: https://en.wikipedia.org/wiki/Dick_Gross
Donald Stuart (Australian author): https://en.wikipedia.org/wiki/Donald_Stuart_(Australian_author)
Dora Birtles: https://en.wikipedia.org/wiki/Dora_Birtles
Doris Gentile: https://en.wikipedia.org/wiki/Doris_Gentile
Doris Pilkington Garimara: https://en.wikipedia.org/wiki/Doris_Pilkington_Garimara
Dorothea Mackellar: https://en.wikipedia.org/wiki/Dorothea_Mackellar
Dorothy Cottrell: https://en.wikipedia.org/wiki/Dorothy_Cottrell
Dorothy Hewett: https://en.wikipedia.org/wiki/Dorothy_Hewett
Dorothy Johnston: https://en.wikipedia.org/wiki/Dorothy_Johnston
Dorothy Lucy Sanders: https://en.wikipedia.org/wiki/Lucy_Walker_(writer)
Dorothy Porter: https://en.wikipedia.org/wiki/Dorothy_Porter
Doug MacLeod (TV writer): https://en.wikipedia.org/wiki/Doug_MacLeod_(TV_writer)
Drusilla Modjeska: https://en.wikipedia.org/wiki/Drusilla_Modjeska
Dulcie Deamer: https://en.wikipedia.org/wiki/Dulcie_Deamer
Dvora Waysman: https://en.wikipedia.org/wiki/Dvora_Waysman
Dymphna Cusack: https://en.wikipedia.org/wiki/Dymphna_Cusack
E. L. Grant Watson: https://en.wikipedia.org/wiki/E._L._Grant_Watson
E. V. Timms: https://en.wikipedia.org/wiki/E._V._Timms
Edith Mary England: https://en.wikipedia.org/wiki/Edith_Mary_England
Edith McKay: https://en.wikipedia.org/wiki/Edith_McKay
Edward Sorenson: https://en.wikipedia.org/wiki/Edward_Sorenson
Eleanor Dark: https://en.wikipedia.org/wiki/Eleanor_Dark
Eleanor Spence: https://en.wikipedia.org/wiki/Eleanor_Spence
Elise Valmorbida: https://en.wikipedia.org/wiki/Elise_Valmorbida
Elizabeth Backhouse: https://en.wikipedia.org/wiki/Elizabeth_Backhouse
Elizabeth Fensham: https://en.wikipedia.org/wiki/Elizabeth_Fensham
Elizabeth Harrower (writer): https://en.wikipedia.org/wiki/Elizabeth_Harrower_(writer)
Elizabeth Jolley: https://en.wikipedia.org/wiki/Elizabeth_Jolley
Elizabeth Kata: https://en.wikipedia.org/wiki/Elizabeth_Kata
Elizabeth O'Conner: https://en.wikipedia.org/wiki/Elizabeth_O%27Conner
Ellen Clacy: https://en.wikipedia.org/wiki/Ellen_Clacy
Ellen Davitt: https://en.wikipedia.org/wiki/Ellen_Davitt
Elliot Perlman: https://en.wikipedia.org/wiki/Elliot_Perlman
Elsa Klensch: https://en.wikipedia.org/wiki/Elsa_Klensch
Emily Bitto: https://en.wikipedia.org/wiki/Emily_Bitto
Emily Maguire (writer): https://en.wikipedia.org/wiki/Emily_Maguire_(writer)
Emma Jane: https://en.wikipedia.org/wiki/Emma_Jane
Eric Dando: https://en.wikipedia.org/wiki/Eric_Dando
Eric Lambert (author): https://en.wikipedia.org/wiki/Eric_Lambert_(author)
Ernest Henry Clark Oliphant: https://en.wikipedia.org/wiki/Ernest_Henry_Clark_Oliphant
Ernestine Hill: https://en.wikipedia.org/wiki/Ernestine_Hill
Estelle Blackburn: https://en.wikipedia.org/wiki/Estelle_Blackburn
Estelle Thompson: https://en.wikipedia.org/wiki/Estelle_Thompson
Ethel Anderson: https://en.wikipedia.org/wiki/Ethel_Anderson
Ethel Richardson: https://en.wikipedia.org/wiki/Henry_Handel_Richardson
Ethel Turner: https://en.wikipedia.org/wiki/Ethel_Turner
Eva Sallis: https://en.wikipedia.org/wiki/Eva_Sallis
Evan Green (journalist): https://en.wikipedia.org/wiki/Evan_Green_(journalist)
Eve Langley: https://en.wikipedia.org/wiki/Eve_Langley
F. B. Vickers: https://en.wikipedia.org/wiki/F._B._Vickers
F. J. Thwaites: https://en.wikipedia.org/wiki/F._J._Thwaites
Fabulous Nobodies: https://en.wikipedia.org/wiki/Fabulous_Nobodies
Faith Bandler: https://en.wikipedia.org/wiki/Faith_Bandler
Favel Parrett: https://en.wikipedia.org/wiki/Favel_Parrett
Fay Zwicky: https://en.wikipedia.org/wiki/Fay_Zwicky
Fergus Hume: https://en.wikipedia.org/wiki/Fergus_Hume
Filipino Australian: https://en.wikipedia.org/wiki/Filipino_Australians
Finola Moorhead: https://en.wikipedia.org/wiki/Finola_Moorhead
Fiona McFarlane: https://en.wikipedia.org/wiki/Fiona_McFarlane
Fiona McGregor: https://en.wikipedia.org/wiki/Fiona_McGregor
Fiona McIntosh: https://en.wikipedia.org/wiki/Fiona_McIntosh
Flora Eldershaw: https://en.wikipedia.org/wiki/Flora_Eldershaw
Florence James: https://en.wikipedia.org/wiki/Florence_James
Fotini Epanomitis: https://en.wikipedia.org/wiki/Fotini_Epanomitis
Foz Meadows: https://en.wikipedia.org/wiki/Foz_Meadows
Francis Adams (writer): https://en.wikipedia.org/wiki/Francis_Adams_(writer)
Frank Atha Westbury: https://en.wikipedia.org/wiki/Frank_Atha_Westbury
Frank Dalby Davison: https://en.wikipedia.org/wiki/Frank_Dalby_Davison
Frank Hardy: https://en.wikipedia.org/wiki/Frank_Hardy
Frank Moorhouse: https://en.wikipedia.org/wiki/Frank_Moorhouse
Frederic Manning: https://en.wikipedia.org/wiki/Frederic_Manning
G K Saunders: https://en.wikipedia.org/wiki/G._K._Saunders
Gabrielle Carey: https://en.wikipedia.org/wiki/Gabrielle_Carey
Gabrielle Lord: https://en.wikipedia.org/wiki/Gabrielle_Lord
Gaele Sobott: https://en.wikipedia.org/wiki/Gaele_Sobott
Gail Jones: https://en.wikipedia.org/wiki/Gail_Jones
Garry Disher: https://en.wikipedia.org/wiki/Garry_Disher
Gary Corby: https://en.wikipedia.org/wiki/Gary_Corby
Gayla Reid: https://en.wikipedia.org/wiki/Gayla_Reid
Geoffrey McGeachin: https://en.wikipedia.org/wiki/Geoffrey_McGeachin
Geoffrey McSkimming: https://en.wikipedia.org/wiki/Geoffrey_McSkimming
Geoffry Morgan Pike: https://en.wikipedia.org/wiki/Geoffry_Morgan_Pike
George Beeby: https://en.wikipedia.org/wiki/George_Beeby
George Farwell: https://en.wikipedia.org/wiki/George_Farwell
George Firth Scott: https://en.wikipedia.org/wiki/George_Firth_Scott
George Gordon McCrae: https://en.wikipedia.org/wiki/George_Gordon_McCrae
George Johnston (novelist): https://en.wikipedia.org/wiki/George_Johnston_(novelist)
George Lewis Becke: https://en.wikipedia.org/wiki/George_Lewis_Becke
George Turner (writer): https://en.wikipedia.org/wiki/George_Turner_(writer)
Georgia Blain: https://en.wikipedia.org/wiki/Georgia_Blain
Georgiana Huntly McCrae: https://en.wikipedia.org/wiki/Georgiana_McCrae
Gerald Glaskin: https://en.wikipedia.org/wiki/Gerald_Glaskin
Gerald Murnane: https://en.wikipedia.org/wiki/Gerald_Murnane
Geraldine Brooks (writer): https://en.wikipedia.org/wiki/Geraldine_Brooks_(writer)
Gerard Windsor: https://en.wikipedia.org/wiki/Gerard_Windsor
Gillian Bouras: https://en.wikipedia.org/wiki/Gillian_Bouras
Gillian Mears: https://en.wikipedia.org/wiki/Gillian_Mears
Gillian Polack: https://en.wikipedia.org/wiki/Gillian_Polack
Glen Tomasetti: https://en.wikipedia.org/wiki/Glen_Tomasetti
Glenda Adams: https://en.wikipedia.org/wiki/Glenda_Adams
Glenda Guest: https://en.wikipedia.org/wiki/Glenda_Guest
Glenda Larke: https://en.wikipedia.org/wiki/Glenda_Larke
Godfrey Blunden: https://en.wikipedia.org/wiki/Godfrey_Blunden
Goldie Goldbloom: https://en.wikipedia.org/wiki/Goldie_Goldbloom
Gordon Neil Stewart: https://en.wikipedia.org/wiki/Gordon_Neil_Stewart
Graeme Simsion: https://en.wikipedia.org/wiki/Graeme_Simsion
Grant Foster: https://en.wikipedia.org/wiki/Grant_Foster
Greg Egan: https://en.wikipedia.org/wiki/Greg_Egan
Gregory David Roberts: https://en.wikipedia.org/wiki/Gregory_David_Roberts
Gregory Day: https://en.wikipedia.org/wiki/Gregory_Day
Gregory Victor Babic: https://en.wikipedia.org/wiki/Gregory_Victor_Babic
Guy Boothby: https://en.wikipedia.org/wiki/Guy_Boothby
Gwen Meredith: https://en.wikipedia.org/wiki/Gwen_Meredith
Hal Porter: https://en.wikipedia.org/wiki/Hal_Porter
Hannah Kent: https://en.wikipedia.org/wiki/Hannah_Kent
Harriet Miller Davidson: https://en.wikipedia.org/wiki/Harriet_Miller_Davidson
Harrison Owen: https://en.wikipedia.org/wiki/Harrison_Owen
Harry Nicolaides: https://en.wikipedia.org/wiki/Harry_Nicolaides
Harry Tighe: https://en.wikipedia.org/wiki/Harry_Tighe
Heather Rose: https://en.wikipedia.org/wiki/Heather_Rose
Helen Asher: https://en.wikipedia.org/wiki/Helen_Asher
Helen Bianchin: https://en.wikipedia.org/wiki/Helen_Bianchin
Helen Darville: https://en.wikipedia.org/wiki/Helen_Dale
Helen FitzGerald: https://en.wikipedia.org/wiki/Helen_FitzGerald
Helen Garner: https://en.wikipedia.org/wiki/Helen_Garner
Helen Hodgman: https://en.wikipedia.org/wiki/Helen_Hodgman
Helen de Guerry Simpson: https://en.wikipedia.org/wiki/Helen_de_Guerry_Simpson
Helene Young: https://en.wikipedia.org/wiki/Helene_Young
Henrietta Drake-Brockman: https://en.wikipedia.org/wiki/Henrietta_Drake-Brockman
Henry George Lamond: https://en.wikipedia.org/wiki/Henry_George_Lamond
Henry Handel Richardson: https://en.wikipedia.org/wiki/Henry_Handel_Richardson
Henry Savery: https://en.wikipedia.org/wiki/Henry_Savery
Henry Wrixon: https://en.wikipedia.org/wiki/Henry_Wrixon
Herb Wharton: https://en.wikipedia.org/wiki/Herb_Wharton
Herz Bergner: https://en.wikipedia.org/wiki/Herz_Bergner
Hesba Fay Brinsmead: https://en.wikipedia.org/wiki/Hesba_Fay_Brinsmead
Hilary Lofting: https://en.wikipedia.org/wiki/Hilary_Lofting
Hoa Pham: https://en.wikipedia.org/wiki/Hoa_Pham
Holly Throsby: https://en.wikipedia.org/wiki/Holly_Throsby
Honey Brown: https://en.wikipedia.org/wiki/Honey_Brown
Hugh Atkinson (novelist): https://en.wikipedia.org/wiki/Hugh_Atkinson_(novelist)
Hugh Mackay (social researcher): https://en.wikipedia.org/wiki/Hugh_Mackay_(social_researcher)
Hugh V. Clarke: https://en.wikipedia.org/wiki/Hugh_V._Clarke
Hugo Wilcken: https://en.wikipedia.org/wiki/Hugo_Wilcken
Hume Nisbet: https://en.wikipedia.org/wiki/Hume_Nisbet
I. A. R. Wylie: https://en.wikipedia.org/wiki/I._A._R._Wylie
Ian Bone (author): https://en.wikipedia.org/wiki/Ian_Bone_(author)
Ian Irvine: https://en.wikipedia.org/wiki/Ian_Irvine
Ian Moffitt: https://en.wikipedia.org/wiki/Ian_Moffitt
Isobelle Carmody: https://en.wikipedia.org/wiki/Isobelle_Carmody
J. E. Macdonnell: https://en.wikipedia.org/wiki/J._E._Macdonnell
J. H. M. Abbott: https://en.wikipedia.org/wiki/J._H._M._Abbott
J. M. Coetzee: https://en.wikipedia.org/wiki/J._M._Coetzee
J. M. Harcourt: https://en.wikipedia.org/wiki/J._M._Harcourt
Jack Heath: https://en.wikipedia.org/wiki/Jack_Heath
Jack Hibberd: https://en.wikipedia.org/wiki/Jack_Hibberd
Jackie French: https://en.wikipedia.org/wiki/Jackie_French
Jaclyn Moriarty: https://en.wikipedia.org/wiki/Jaclyn_Moriarty
James Aldridge: https://en.wikipedia.org/wiki/James_Aldridge
James Bradley (Australian writer): https://en.wikipedia.org/wiki/James_Bradley_(Australian_writer)
James Clancy Phelan: https://en.wikipedia.org/wiki/James_Clancy_Phelan
James Clavell: https://en.wikipedia.org/wiki/James_Clavell
James Cowan (author): https://en.wikipedia.org/wiki/James_Cowan_(author)
James Devaney: https://en.wikipedia.org/wiki/James_Devaney
James Fry (writer): https://en.wikipedia.org/wiki/James_Fry_(writer)
James McQueen (writer): https://en.wikipedia.org/wiki/James_McQueen_(writer)
James Moloney: https://en.wikipedia.org/wiki/James_Moloney
Jane Alison: https://en.wikipedia.org/wiki/Jane_Alison
Jane Caro: https://en.wikipedia.org/wiki/Jane_Caro
Jane Clifton: https://en.wikipedia.org/wiki/Jane_Clifton
Jane Godwin: https://en.wikipedia.org/wiki/Jane_Godwin
Jane R. Goodall: https://en.wikipedia.org/wiki/Jane_R._Goodall
Jane Routley: https://en.wikipedia.org/wiki/Jane_Routley
Janeen Webb: https://en.wikipedia.org/wiki/Janeen_Webb
Janet Gover: https://en.wikipedia.org/wiki/Janet_Gover
Janette Turner Hospital: https://en.wikipedia.org/wiki/Janette_Turner_Hospital
Janine Burke: https://en.wikipedia.org/wiki/Janine_Burke
Jason Herbison: https://en.wikipedia.org/wiki/Jason_Herbison
Jay Caselberg: https://en.wikipedia.org/wiki/Jay_Caselberg
Jean Bedford: https://en.wikipedia.org/wiki/Jean_Bedford
Jean Curlewis: https://en.wikipedia.org/wiki/Jean_Curlewis
Jean Devanny: https://en.wikipedia.org/wiki/Jean_Devanny
Jeannie Gunn: https://en.wikipedia.org/wiki/Jeannie_Gunn
Jennie Adams: https://en.wikipedia.org/wiki/Jennie_Adams
Jennifer Compton: https://en.wikipedia.org/wiki/Jennifer_Compton
Jennifer Fallon: https://en.wikipedia.org/wiki/Jennifer_Fallon
Jennifer Harrison: https://en.wikipedia.org/wiki/Jennifer_Harrison
Jennifer Higgie: https://en.wikipedia.org/wiki/Jennifer_Higgie
Jennifer Maiden: https://en.wikipedia.org/wiki/Jennifer_Maiden
Jennifer Mills: https://en.wikipedia.org/wiki/Jennifer_Mills
Jennifer Rowe: https://en.wikipedia.org/wiki/Jennifer_Rowe
Jeremy Fisher (author): https://en.wikipedia.org/wiki/Jeremy_Fisher_(author)
Jessica Anderson (writer): https://en.wikipedia.org/wiki/Jessica_Anderson_(writer)
Jessica Dettmann: https://en.wikipedia.org/wiki/Jessica_Dettmann
Jessie Catherine Couvreur: https://en.wikipedia.org/wiki/Jessie_Catherine_Couvreur
Jessie Urquhart: https://en.wikipedia.org/wiki/Jessie_Urquhart
Jill Neville: https://en.wikipedia.org/wiki/Jill_Adelaide_Neville
Jim Anderson (editor): https://en.wikipedia.org/wiki/Jim_Anderson_(editor)
Joan Lindsay: https://en.wikipedia.org/wiki/Joan_Lindsay
Joan London (Australian author): https://en.wikipedia.org/wiki/Joan_London_(Australian_author)
Joan Woodberry: https://en.wikipedia.org/wiki/Joan_Woodberry
Joanna Murray-Smith: https://en.wikipedia.org/wiki/Joanna_Murray-Smith
Joanne Fedler: https://en.wikipedia.org/wiki/Joanne_Fedler
Joanne van Os: https://en.wikipedia.org/wiki/Joanne_van_Os
Joe Walker (novelist): https://en.wikipedia.org/wiki/Joe_Walker_(novelist)
Joel Deane: https://en.wikipedia.org/wiki/Joel_Deane
John A. Scott: https://en.wikipedia.org/wiki/John_A._Scott
John A. Tully: https://en.wikipedia.org/wiki/John_A._Tully
John Arthur Barry: https://en.wikipedia.org/wiki/John_Arthur_Barry
John B. Biggs: https://en.wikipedia.org/wiki/John_B._Biggs
John Baxter (author): https://en.wikipedia.org/wiki/John_Baxter_(author)
John Bede Dalley: https://en.wikipedia.org/wiki/John_Bede_Dalley
John Birmingham: https://en.wikipedia.org/wiki/John_Birmingham
John Brosnan: https://en.wikipedia.org/wiki/John_Brosnan
John Clanchy: https://en.wikipedia.org/wiki/John_Clanchy
John David Hennessey: https://en.wikipedia.org/wiki/John_David_Hennessey
John Flanagan (author): https://en.wikipedia.org/wiki/John_Flanagan_(author)
John Harwood (writer): https://en.wikipedia.org/wiki/John_Harwood_(writer)
John Henry Nicholson: https://en.wikipedia.org/wiki/John_Henry_Nicholson
John K. Ewers: https://en.wikipedia.org/wiki/John_K._Ewers
John Lang (writer): https://en.wikipedia.org/wiki/John_Lang_(writer)
John Larkin (author): https://en.wikipedia.org/wiki/John_Larkin_(author)
John M. Green: https://en.wikipedia.org/wiki/John_M._Green
John Marsden (writer): https://en.wikipedia.org/wiki/John_Marsden_(writer)
John Morrison (writer): https://en.wikipedia.org/wiki/John_Morrison_(writer)
John O'Grady (writer): https://en.wikipedia.org/wiki/John_O%27Grady_(writer)
Jon Cleary: https://en.wikipedia.org/wiki/Jon_Cleary
Jon Doust: https://en.wikipedia.org/wiki/Jon_Doust
Joseph Furphy: https://en.wikipedia.org/wiki/Joseph_Furphy
Josephine Moon: https://en.wikipedia.org/wiki/Josephine_Moon
Josephine Wilson (writer): https://en.wikipedia.org/wiki/Josephine_Wilson_(writer)
Joy Chambers: https://en.wikipedia.org/wiki/Joy_Chambers
Joyce Dingwell: https://en.wikipedia.org/wiki/Joyce_Dingwell
Judah Waten: https://en.wikipedia.org/wiki/Judah_Waten
Judith Fox (author): https://en.wikipedia.org/wiki/Judith_Fox_(author)
Judy Nunn: https://en.wikipedia.org/wiki/Judy_Nunn
Judy Pascoe: https://en.wikipedia.org/wiki/Judy_Pascoe
Julia Leigh: https://en.wikipedia.org/wiki/Julia_Leigh
Julia Parker (astrologer): https://en.wikipedia.org/wiki/Julia_Parker_(astrologer)
Julienne van Loon: https://en.wikipedia.org/wiki/Julienne_van_Loon
Juliet Marillier: https://en.wikipedia.org/wiki/Juliet_Marillier
June Duncan Owen: https://en.wikipedia.org/wiki/June_Duncan_Owen
June Wright: https://en.wikipedia.org/wiki/June_Wright
Justine Ettler: https://en.wikipedia.org/wiki/Justine_Ettler
Justine Larbalestier: https://en.wikipedia.org/wiki/Justine_Larbalestier
K. A. Bedford: https://en.wikipedia.org/wiki/K._A._Bedford
K. J. Bishop: https://en.wikipedia.org/wiki/K._J._Bishop
Kaaron Warren: https://en.wikipedia.org/wiki/Kaaron_Warren
Kain Massin: https://en.wikipedia.org/wiki/Kain_Massin
Kalinda Ashton: https://en.wikipedia.org/wiki/Kalinda_Ashton
Karen Brooks (author): https://en.wikipedia.org/wiki/Karen_Brooks_(author)
Karen Foxlee: https://en.wikipedia.org/wiki/Karen_Foxlee
Karen Lee Field: https://en.wikipedia.org/wiki/Karen_Lee_Field
Karen Miller: https://en.wikipedia.org/wiki/Karen_Miller
Karen Simpson Nikakis: https://en.wikipedia.org/wiki/Karen_Simpson_Nikakis
Kate Constable: https://en.wikipedia.org/wiki/Kate_Constable
Kate Forsyth: https://en.wikipedia.org/wiki/Kate_Forsyth
Kate Gordon (writer): https://en.wikipedia.org/wiki/Kate_Gordon_(writer)
Kate Grenville: https://en.wikipedia.org/wiki/Kate_Grenville
Kate Jennings: https://en.wikipedia.org/wiki/Kate_Jennings
Kate Morton: https://en.wikipedia.org/wiki/Kate_Morton
Kate Orman: https://en.wikipedia.org/wiki/Kate_Orman
Kath Walker: https://en.wikipedia.org/wiki/Oodgeroo_Noonuccal
Katharine Susannah Prichard: https://en.wikipedia.org/wiki/Katharine_Susannah_Prichard
Katherine Scholes: https://en.wikipedia.org/wiki/Katherine_Scholes
Kathleen Mannington Caffyn: https://en.wikipedia.org/wiki/Kathleen_Mannington_Caffyn
Kathleen Stewart: https://en.wikipedia.org/wiki/Kathleen_Stewart
Kathryn Deans: https://en.wikipedia.org/wiki/Kathryn_Deans
Kathryn Fox: https://en.wikipedia.org/wiki/Kathryn_Fox
Kathryn Heyman: https://en.wikipedia.org/wiki/Kathryn_Heyman
Kathryn Lomer: https://en.wikipedia.org/wiki/Kathryn_Lomer
Kathy Lette: https://en.wikipedia.org/wiki/Kathy_Lette
Kay Glasson Taylor: https://en.wikipedia.org/wiki/Kay_Glasson_Taylor
Keith Taylor (author): https://en.wikipedia.org/wiki/Keith_Taylor_(author)
Kel Robertson: https://en.wikipedia.org/wiki/Kel_Robertson
Ken Spillman: https://en.wikipedia.org/wiki/Ken_Spillman
Kenneth Cook: https://en.wikipedia.org/wiki/Kenneth_Cook
Kenneth Mackenzie (author): https://en.wikipedia.org/wiki/Kenneth_Mackenzie_(author)
Keri Arthur: https://en.wikipedia.org/wiki/Keri_Arthur
Kerry Greenwood: https://en.wikipedia.org/wiki/Kerry_Greenwood
Kim Falconer: https://en.wikipedia.org/wiki/Kim_Falconer
Kim Scott: https://en.wikipedia.org/wiki/Kim_Scott
Kim Westwood: https://en.wikipedia.org/wiki/Kim_Westwood
Kim Wilkins: https://en.wikipedia.org/wiki/Kim_Wilkins
Kimberley Starr: https://en.wikipedia.org/wiki/Kimberley_Starr
Kirsty Murray: https://en.wikipedia.org/wiki/Kirsty_Murray
Kirstyn McDermott: https://en.wikipedia.org/wiki/Kirstyn_McDermott
Kit Denton: https://en.wikipedia.org/wiki/Kit_Denton
Kristina Olsson: https://en.wikipedia.org/wiki/Kristina_Olsson
Kyla Ward: https://en.wikipedia.org/wiki/Kyla_Ward
Kylie Tennant: https://en.wikipedia.org/wiki/Kylie_Tennant
Larissa Behrendt: https://en.wikipedia.org/wiki/Larissa_Behrendt
Leah Ashton: https://en.wikipedia.org/wiki/Leah_Ashton
Leah Giarratano: https://en.wikipedia.org/wiki/Leah_Giarratano
Lee Harding (writer): https://en.wikipedia.org/wiki/Lee_Harding_(writer)
Lee Tulloch: https://en.wikipedia.org/wiki/Lee_Tulloch
Leigh Redhead: https://en.wikipedia.org/wiki/Leigh_Redhead
Lennie Lower: https://en.wikipedia.org/wiki/Lennie_Lower
Leonard Frank Meares: https://en.wikipedia.org/wiki/Leonard_Frank_Meares
Leonard Mann: https://en.wikipedia.org/wiki/Leonard_Mann
Les Haylen: https://en.wikipedia.org/wiki/Les_Haylen
Lesbia Harford: https://en.wikipedia.org/wiki/Lesbia_Harford
Leslie Alfred Redgrave: https://en.wikipedia.org/wiki/Leslie_Alfred_Redgrave
Leslie Cannold: https://en.wikipedia.org/wiki/Leslie_Cannold
Liam Davison: https://en.wikipedia.org/wiki/Liam_Davison
Liane Moriarty: https://en.wikipedia.org/wiki/Liane_Moriarty
Lili Wilkinson: https://en.wikipedia.org/wiki/Lili_Wilkinson
Lilian Darcy: https://en.wikipedia.org/wiki/Lilian_Darcy
Lilian Turner: https://en.wikipedia.org/wiki/Lilian_Turner
Lily Brett: https://en.wikipedia.org/wiki/Lily_Brett
Lin Van Hek: https://en.wikipedia.org/wiki/Lin_Van_Hek
Linda Jaivin: https://en.wikipedia.org/wiki/Linda_Jaivin
Lindsay Armstrong: https://en.wikipedia.org/wiki/Lindsay_Armstrong
Lindsay Simpson: https://en.wikipedia.org/wiki/Lindsay_Simpson
Lionel Shave: https://en.wikipedia.org/wiki/Lionel_Shave
List of African novelists: https://en.wikipedia.org/wiki/List_of_African_novelists
List of American novelists: https://en.wikipedia.org/wiki/List_of_American_novelists
List of English novelists: https://en.wikipedia.org/wiki/List_of_English_novelists
List of French novelists: https://en.wikipedia.org/wiki/List_of_French_novelists
List of Ghanaian novelists: https://en.wikipedia.org/wiki/List_of_Ghanaian_novelists
List of Irish novelists: https://en.wikipedia.org/wiki/List_of_Irish_novelists
List of Korean novelists: https://en.wikipedia.org/wiki/List_of_Korean_novelists
List of Nigerian novelists: https://en.wikipedia.org/wiki/List_of_Nigerian_novelists
List of Polish novelists: https://en.wikipedia.org/wiki/List_of_Polish_novelists
List of Portuguese novelists: https://en.wikipedia.org/wiki/List_of_Portuguese_novelists
List of Scottish novelists: https://en.wikipedia.org/wiki/List_of_Scottish_novelists
List of novelists by nationality: https://en.wikipedia.org/wiki/List_of_novelists_by_nationality
Liz Byrski: https://en.wikipedia.org/wiki/Liz_Byrski
Louis Kaye: https://en.wikipedia.org/wiki/Louis_Kaye
Louis Nowra: https://en.wikipedia.org/wiki/Louis_Nowra
Louis Stone: https://en.wikipedia.org/wiki/Louis_Stone
Louisa Anne Meredith: https://en.wikipedia.org/wiki/Louisa_Anne_Meredith
Louisa Atkinson: https://en.wikipedia.org/wiki/Louisa_Atkinson
Louise Katz: https://en.wikipedia.org/wiki/Louise_Katz
Louise Mack: https://en.wikipedia.org/wiki/Louise_Mack
Lucy Walker (writer): https://en.wikipedia.org/wiki/Lucy_Walker_(writer)
Luke Davies: https://en.wikipedia.org/wiki/Luke_Davies
Luke Romyn: https://en.wikipedia.org/wiki/Luke_Romyn
Lynn Foster: https://en.wikipedia.org/wiki/Lynn_Foster
M. Barnard Eldershaw: https://en.wikipedia.org/wiki/M._Barnard_Eldershaw
M. J. Hyland: https://en.wikipedia.org/wiki/M._J._Hyland
M. T. C. Cronin: https://en.wikipedia.org/wiki/M._T._C._Cronin
Mabel Forrest: https://en.wikipedia.org/wiki/Mabel_Forrest
Madeleine St John: https://en.wikipedia.org/wiki/Madeleine_St_John
Maggie Alderson: https://en.wikipedia.org/wiki/Maggie_Alderson
Malcolm Afford: https://en.wikipedia.org/wiki/Max_Afford
Malcolm Knox (author): https://en.wikipedia.org/wiki/Malcolm_Knox_(author)
Malla Nunn: https://en.wikipedia.org/wiki/Malla_Nunn
Mandy Sayer: https://en.wikipedia.org/wiki/Mandy_Sayer
Marcus Clarke: https://en.wikipedia.org/wiki/Marcus_Clarke
Marcus Gibson: https://en.wikipedia.org/wiki/Marcus_Gibson
Mardi McConnochie: https://en.wikipedia.org/wiki/Mardi_McConnochie
Margaret Balderson: https://en.wikipedia.org/wiki/Margaret_Balderson
Margaret Clark (Australian writer): https://en.wikipedia.org/wiki/Margaret_Clark_(Australian_writer)
Margaret Fane: https://en.wikipedia.org/wiki/Margaret_Fane
Margaret Jones (journalist): https://en.wikipedia.org/wiki/Margaret_Jones_(journalist)
Margaret Packham Hargrave: https://en.wikipedia.org/wiki/Margaret_Packham_Hargrave
Margaret Way: https://en.wikipedia.org/wiki/Margaret_Way
Marie Bjelke Petersen: https://en.wikipedia.org/wiki/Marie_Bjelke_Petersen
Marie Bjelke-Petersen: https://en.wikipedia.org/wiki/Marie_Bjelke_Petersen
Marion Halligan: https://en.wikipedia.org/wiki/Marion_Halligan
Marion Knowles: https://en.wikipedia.org/wiki/Marion_Knowles
Marion Lennox: https://en.wikipedia.org/wiki/Marion_Lennox
Marion May Campbell: https://en.wikipedia.org/wiki/Marion_May_Campbell
Marjorie Barnard: https://en.wikipedia.org/wiki/Marjorie_Barnard
Markus Zusak: https://en.wikipedia.org/wiki/Markus_Zusak
Marshall Browne: https://en.wikipedia.org/wiki/Marshall_Browne
Martin Boyd: https://en.wikipedia.org/wiki/Martin_Boyd
Martin Johnston: https://en.wikipedia.org/wiki/Martin_Johnston
Mary Durack: https://en.wikipedia.org/wiki/Mary_Durack
Mary Eliza Fullerton: https://en.wikipedia.org/wiki/Mary_Eliza_Fullerton
Mary Fortune: https://en.wikipedia.org/wiki/Mary_Fortune
Mary Gaunt: https://en.wikipedia.org/wiki/Mary_Gaunt
Mary Grant Bruce: https://en.wikipedia.org/wiki/Mary_Grant_Bruce
Mary K. Pershall: https://en.wikipedia.org/wiki/Mary_K._Pershall
Mary Theresa Vidal: https://en.wikipedia.org/wiki/Mary_Theresa_Vidal
Mary-Anne O'Connor: https://en.wikipedia.org/wiki/Mary-Anne_O%27Connor
Mary-Rose MacColl: https://en.wikipedia.org/wiki/Mary-Rose_MacColl
Matilda Jane Evans: https://en.wikipedia.org/wiki/Matilda_Jane_Evans
Matt Zurbo: https://en.wikipedia.org/wiki/Matt_Zurbo
Matthew Condon: https://en.wikipedia.org/wiki/Matthew_Condon
Matthew Reilly: https://en.wikipedia.org/wiki/Matthew_Reilly
Max Barry: https://en.wikipedia.org/wiki/Max_Barry
Max Brown (novelist): https://en.wikipedia.org/wiki/Max_Brown_(novelist)
Maxine McArthur: https://en.wikipedia.org/wiki/Maxine_McArthur
Meaghan Delahunt: https://en.wikipedia.org/wiki/Meaghan_Delahunt
Melina Marchetta: https://en.wikipedia.org/wiki/Melina_Marchetta
Melissa Ashley: https://en.wikipedia.org/wiki/Melissa_Ashley
Melissa Lucashenko: https://en.wikipedia.org/wiki/Melissa_Lucashenko
Mena Calthorpe: https://en.wikipedia.org/wiki/Mena_Calthorpe
Meredith Webber: https://en.wikipedia.org/wiki/Meredith_Webber
Merlinda Bobis: https://en.wikipedia.org/wiki/Merlinda_Bobis
Mic Looby: https://en.wikipedia.org/wiki/Mic_Looby
Michael Keon: https://en.wikipedia.org/wiki/Michael_Keon
Michael MacConnell: https://en.wikipedia.org/wiki/Michael_MacConnell
Michael McGuire (author): https://en.wikipedia.org/wiki/Michael_McGuire_(author)
Michael Moran (writer): https://en.wikipedia.org/wiki/Michael_Moran_(writer)
Michael Noonan (Australian writer): https://en.wikipedia.org/wiki/Michael_Noonan_(Australian_writer)
Michael Robotham: https://en.wikipedia.org/wiki/Michael_Robotham
Michel Faber: https://en.wikipedia.org/wiki/Michel_Faber
Michelle Hamer: https://en.wikipedia.org/wiki/Michelle_Hamer
Michelle de Kretser: https://en.wikipedia.org/wiki/Michelle_de_Kretser
Miles Franklin: https://en.wikipedia.org/wiki/Miles_Franklin
Miranda Lee: https://en.wikipedia.org/wiki/Miranda_Lee
Mireille Juchau: https://en.wikipedia.org/wiki/Mireille_Juchau
Mollie Gillen: https://en.wikipedia.org/wiki/Mollie_Gillen
Morgan Yasbincek: https://en.wikipedia.org/wiki/Morgan_Yasbincek
Morris Lurie: https://en.wikipedia.org/wiki/Morris_Lurie
Morris West: https://en.wikipedia.org/wiki/Morris_West
Mudrooroo: https://en.wikipedia.org/wiki/Mudrooroo
Murray Bail: https://en.wikipedia.org/wiki/Murray_Bail
Murray Waldren: https://en.wikipedia.org/wiki/Murray_Waldren
Myra Morris: https://en.wikipedia.org/wiki/Myra_Morris
Nadia Wheatley: https://en.wikipedia.org/wiki/Nadia_Wheatley
Nan Chauncy: https://en.wikipedia.org/wiki/Nan_Chauncy
Nan McDonald: https://en.wikipedia.org/wiki/Nan_McDonald
Nancy Cato: https://en.wikipedia.org/wiki/Nancy_Cato
Nancy Phelan: https://en.wikipedia.org/wiki/Nancy_Phelan
Nat Gould: https://en.wikipedia.org/wiki/Nat_Gould
Nathan Burrage: https://en.wikipedia.org/wiki/Nathan_Burrage
Nathaniel Gould: https://en.wikipedia.org/wiki/Nat_Gould
Neal Drinnan: https://en.wikipedia.org/wiki/Neal_Drinnan
Nene Gare: https://en.wikipedia.org/wiki/Nene_Gare
Nerida Newton: https://en.wikipedia.org/wiki/Nerida_Newton
Nevil Shute: https://en.wikipedia.org/wiki/Nevil_Shute
Nicholas Hasluck: https://en.wikipedia.org/wiki/Nicholas_Hasluck
Nicholas Jose: https://en.wikipedia.org/wiki/Nicholas_Jose
Nick Cave: https://en.wikipedia.org/wiki/Nick_Cave
Nick Earls: https://en.wikipedia.org/wiki/Nick_Earls
Nicolette Stasko: https://en.wikipedia.org/wiki/Nicolette_Stasko
Nigel Krauth: https://en.wikipedia.org/wiki/Nigel_Krauth
Nigel Triffitt: https://en.wikipedia.org/wiki/Nigel_Triffitt
Nike Sulway: https://en.wikipedia.org/wiki/Nike_Sulway
Nikki Gemmell: https://en.wikipedia.org/wiki/Nikki_Gemmell
Nina Murdoch: https://en.wikipedia.org/wiki/Nina_Murdoch
Norma K. Hemming: https://en.wikipedia.org/wiki/Norma_K._Hemming
Norman Lindsay: https://en.wikipedia.org/wiki/Norman_Lindsay
Novelist: https://en.wikipedia.org/wiki/Novelist
Olga Masters: https://en.wikipedia.org/wiki/Olga_Masters
Oscar Asche: https://en.wikipedia.org/wiki/Oscar_Asche
Ouyang Yu: https://en.wikipedia.org/wiki/Ouyang_Yu
P. L. Travers: https://en.wikipedia.org/wiki/P._L._Travers
Paddy O'Reilly: https://en.wikipedia.org/wiki/Paddy_O%27Reilly
Pat Flower: https://en.wikipedia.org/wiki/Pat_Flower
Pat Studdy-Clift: https://en.wikipedia.org/wiki/Pat_Studdy-Clift
Patricia Bernard: https://en.wikipedia.org/wiki/Patricia_Bernard
Patricia Carlon: https://en.wikipedia.org/wiki/Patricia_Carlon
Patricia Shaw (novelist): https://en.wikipedia.org/wiki/Patricia_Shaw_(novelist)
Patricia Wrightson: https://en.wikipedia.org/wiki/Patricia_Wrightson
Patrick Holland (author): https://en.wikipedia.org/wiki/Patrick_Holland_(author)
Patrick White: https://en.wikipedia.org/wiki/Patrick_White
Paul D. Carter: https://en.wikipedia.org/wiki/Paul_D._Carter
Paul Jennings (Australian author): https://en.wikipedia.org/wiki/Paul_Jennings_(Australian_author)
Paul Kidd: https://en.wikipedia.org/wiki/Paul_Kidd
Paul Mitchell (writer): https://en.wikipedia.org/wiki/Paul_Mitchell_(writer)
Paul White (missionary): https://en.wikipedia.org/wiki/Paul_White_(missionary)
Peggy Frew: https://en.wikipedia.org/wiki/Peggy_Frew
Penelope Trevor: https://en.wikipedia.org/wiki/Pepe_Trevor
Penny Flanagan: https://en.wikipedia.org/wiki/Penny_Flanagan
Pepe Trevor: https://en.wikipedia.org/wiki/Pepe_Trevor
Peter Carey (novelist): https://en.wikipedia.org/wiki/Peter_Carey_(novelist)
Peter Corris: https://en.wikipedia.org/wiki/Peter_Corris
Peter Goldsworthy: https://en.wikipedia.org/wiki/Peter_Goldsworthy
Peter Kocan: https://en.wikipedia.org/wiki/Peter_Kocan
Peter Mathers: https://en.wikipedia.org/wiki/Peter_Mathers
Peter Robb (author): https://en.wikipedia.org/wiki/Peter_Robb_(author)
Peter Rose (poet): https://en.wikipedia.org/wiki/Peter_Rose_(poet)
Peter Temple: https://en.wikipedia.org/wiki/Peter_Temple
Peter Yeldham: https://en.wikipedia.org/wiki/Peter_Yeldham
Phil Doyle: https://en.wikipedia.org/wiki/Phil_Doyle
Philip Salom: https://en.wikipedia.org/wiki/Philip_Salom
Phillip Gwynne: https://en.wikipedia.org/wiki/Phillip_Gwynne
Phillip Scott (actor): https://en.wikipedia.org/wiki/Phillip_Scott_(actor)
Phyllis Piddington: https://en.wikipedia.org/wiki/Phyllis_Piddington
Posie Graeme-Evans: https://en.wikipedia.org/wiki/Posie_Graeme-Evans
Power Without Glory: https://en.wikipedia.org/wiki/Power_Without_Glory
Puberty Blues: https://en.wikipedia.org/wiki/Puberty_Blues
Pyotr Patrushev: https://en.wikipedia.org/wiki/Pyotr_Patrushev
Rachael Treasure: https://en.wikipedia.org/wiki/Rachael_Treasure
Rae Desmond Jones: https://en.wikipedia.org/wiki/Rae_Desmond_Jones
Ralph de Boissière: https://en.wikipedia.org/wiki/Ralph_de_Boissi%C3%A8re
Randolph Bedford: https://en.wikipedia.org/wiki/Randolph_Bedford
Randolph Stow: https://en.wikipedia.org/wiki/Randolph_Stow
Ray Mooney: https://en.wikipedia.org/wiki/Ray_Mooney
Rebecca Johnson (author): https://en.wikipedia.org/wiki/Rebecca_Johnson_(author)
Rhyll McMaster: https://en.wikipedia.org/wiki/Rhyll_McMaster
Ric Throssell: https://en.wikipedia.org/wiki/Ric_Throssell
Richard Beasley (author): https://en.wikipedia.org/wiki/Richard_Beasley_(author)
Richard Flanagan: https://en.wikipedia.org/wiki/Richard_Flanagan
Richard Harland: https://en.wikipedia.org/wiki/Richard_Harland
Richard Harry Graves: https://en.wikipedia.org/wiki/Richard_Harry_Graves
Robert Close: https://en.wikipedia.org/wiki/Robert_Close
Robert Dessaix: https://en.wikipedia.org/wiki/Robert_Dessaix
Robert Drewe: https://en.wikipedia.org/wiki/Robert_Drewe
Robert G. Barrett: https://en.wikipedia.org/wiki/Robert_G._Barrett
Robert Wales: https://en.wikipedia.org/wiki/Robert_Wales
Robert Whyte: https://en.wikipedia.org/wiki/Robert_Whyte
Robin Klein: https://en.wikipedia.org/wiki/Robin_Klein
Robin Levett: https://en.wikipedia.org/wiki/Robin_Levett
Rod Jones (author): https://en.wikipedia.org/wiki/Rod_Jones_(author)
Rod Usher: https://en.wikipedia.org/wiki/Rod_Usher
Roderic Quinn: https://en.wikipedia.org/wiki/Roderic_Quinn
Rodney Hall (writer): https://en.wikipedia.org/wiki/Rodney_Hall_(writer)
Roger McDonald: https://en.wikipedia.org/wiki/Roger_McDonald
Rohan Wilson: https://en.wikipedia.org/wiki/Rohan_Wilson
Rolf Boldrewood: https://en.wikipedia.org/wiki/Thomas_Alexander_Browne
Rolf Heimann: https://en.wikipedia.org/wiki/Rolf_Heimann
Ronald McKie: https://en.wikipedia.org/wiki/Ronald_McKie
Rosa Praed: https://en.wikipedia.org/wiki/Rosa_Campbell_Praed
Rosalie Ham: https://en.wikipedia.org/wiki/Rosalie_Ham
Rose Zwi: https://en.wikipedia.org/wiki/Rose_Zwi
Rosie Scott: https://en.wikipedia.org/wiki/Rosie_Scott
Ross Fitzgerald: https://en.wikipedia.org/wiki/Ross_Fitzgerald
Ruby Langford Ginibi: https://en.wikipedia.org/wiki/Ruby_Langford_Ginibi
Russell Braddon: https://en.wikipedia.org/wiki/Russell_Braddon
Ruth C. Williams: https://en.wikipedia.org/wiki/Ruth_C._Williams
Ruth Hegarty: https://en.wikipedia.org/wiki/Ruth_Hegarty
Ruth Park: https://en.wikipedia.org/wiki/Ruth_Park
Sally Hepworth: https://en.wikipedia.org/wiki/Sally_Hepworth
Sally Morgan (artist): https://en.wikipedia.org/wiki/Sally_Morgan_(artist)
Sally Morrison: https://en.wikipedia.org/wiki/Sally_Morrison
Sally Murphy: https://en.wikipedia.org/wiki/Sally_Murphy
Sam Watson (activist): https://en.wikipedia.org/wiki/Sam_Watson_(political_activist)
Samantha Gillison: https://en.wikipedia.org/wiki/Samantha_Gillison
Sandy Fussell: https://en.wikipedia.org/wiki/Sandy_Fussell
Sandy McCutcheon: https://en.wikipedia.org/wiki/Sandy_McCutcheon
Sara Douglass: https://en.wikipedia.org/wiki/Sara_Douglass
Sara Dowse: https://en.wikipedia.org/wiki/Sara_Dowse
Sarah Armstrong: https://en.wikipedia.org/wiki/Sarah_Armstrong
Sarah Hopkins (writer): https://en.wikipedia.org/wiki/Sarah_Hopkins_(writer)
Sarah Walker (Australian author): https://en.wikipedia.org/wiki/Sarah_Walker_(Australian_author)
Scott Monk: https://en.wikipedia.org/wiki/Scott_Monk
Sean Williams (author): https://en.wikipedia.org/wiki/Sean_Williams_(author)
Selma Cook: https://en.wikipedia.org/wiki/Selma_Cook
Shane Maloney: https://en.wikipedia.org/wiki/Shane_Maloney
Shaun Tan: https://en.wikipedia.org/wiki/Shaun_Tan
Shirley Fenton Huie: https://en.wikipedia.org/wiki/Shirley_Fenton_Huie
Shirley Hazzard: https://en.wikipedia.org/wiki/Shirley_Hazzard
Simon Drake (writer): https://en.wikipedia.org/wiki/Simon_Drake_(writer)
Simon Haynes: https://en.wikipedia.org/wiki/Simon_Haynes
Simon Higgins: https://en.wikipedia.org/wiki/Simon_Higgins
Simone Lazaroo: https://en.wikipedia.org/wiki/Simone_Lazaroo
Simpson Newland: https://en.wikipedia.org/wiki/Simpson_Newland
Sofie Laguna: https://en.wikipedia.org/wiki/Sofie_Laguna
Sonny Whitelaw: https://en.wikipedia.org/wiki/Sonny_Whitelaw
Sonya Hartnett: https://en.wikipedia.org/wiki/Sonya_Hartnett
Sophie Cunningham: https://en.wikipedia.org/wiki/Sophie_Cunningham
Stephanie Laurens: https://en.wikipedia.org/wiki/Stephanie_Laurens
Stephen Dando-Collins: https://en.wikipedia.org/wiki/Stephen_Dando-Collins
Stephen M. Irwin: https://en.wikipedia.org/wiki/Stephen_M._Irwin
Stephen Sewell (writer): https://en.wikipedia.org/wiki/Stephen_Sewell_(writer)
Steve Brook: https://en.wikipedia.org/wiki/Steve_Brook
Steve Toltz: https://en.wikipedia.org/wiki/Steve_Toltz
Steven Carroll: https://en.wikipedia.org/wiki/Steven_Carroll
Sue Woolfe: https://en.wikipedia.org/wiki/Sue_Woolfe
Sulari Gentill: https://en.wikipedia.org/wiki/Sulari_Gentill
Sumner Locke: https://en.wikipedia.org/wiki/Sumner_Locke
Sumner Locke Elliott: https://en.wikipedia.org/wiki/Sumner_Locke_Elliott
Susan Duncan: https://en.wikipedia.org/wiki/Susan_Duncan
Susan Geason: https://en.wikipedia.org/wiki/Susan_Geason
Susan Hampton: https://en.wikipedia.org/wiki/Susan_Hampton
Susan Johnson (Australian author): https://en.wikipedia.org/wiki/Susan_Johnson_(Australian_author)
Susan Parisi: https://en.wikipedia.org/wiki/Susan_Parisi
Suzanne Falkiner: https://en.wikipedia.org/wiki/Suzanne_Falkiner
Tamara McKinley: https://en.wikipedia.org/wiki/Tamara_McKinley
Tara June Winch: https://en.wikipedia.org/wiki/Tara_June_Winch
Tegan Bennett Daylight: https://en.wikipedia.org/wiki/Tegan_Bennett_Daylight
Template:Lists of novelists by nationality: https://en.wikipedia.org/wiki/Template:Lists_of_novelists_by_nationality
Thea Astley: https://en.wikipedia.org/wiki/Thea_Astley
Thelma Forshaw: https://en.wikipedia.org/wiki/Thelma_Forshaw
Thomas Keneally: https://en.wikipedia.org/wiki/Thomas_Keneally
Thomas Shapcott: https://en.wikipedia.org/wiki/Thomas_Shapcott
Tilly Aston: https://en.wikipedia.org/wiki/Tilly_Aston
Tim Sinclair: https://en.wikipedia.org/wiki/Tim_Sinclair
Tim Winton: https://en.wikipedia.org/wiki/Tim_Winton
Tom Flood: https://en.wikipedia.org/wiki/Tom_Flood
Tom Hungerford: https://en.wikipedia.org/wiki/Tom_Hungerford
Toni Jordan: https://en.wikipedia.org/wiki/Toni_Jordan
Torsten Krol: https://en.wikipedia.org/wiki/Torsten_Krol
Traci Harding: https://en.wikipedia.org/wiki/Traci_Harding
Tracy Ryan (writer): https://en.wikipedia.org/wiki/Tracy_Ryan_(writer)
Tracy Sorensen: https://en.wikipedia.org/wiki/Tracy_Sorensen
Trent Dalton: https://en.wikipedia.org/wiki/Trent_Dalton
Trent Jamieson: https://en.wikipedia.org/wiki/Trent_Jamieson
Trudi Canavan: https://en.wikipedia.org/wiki/Trudi_Canavan
Ursula Dubosarsky: https://en.wikipedia.org/wiki/Ursula_Dubosarsky
Valerie Parv: https://en.wikipedia.org/wiki/Valerie_Parv
Van Badham: https://en.wikipedia.org/wiki/Van_Badham
Vance Palmer: https://en.wikipedia.org/wiki/Vance_Palmer
Venero Armanno: https://en.wikipedia.org/wiki/Venero_Armanno
Vic Hall (novelist): https://en.wikipedia.org/wiki/Vic_Hall_(novelist)
Vivienne Rae-Ellis: https://en.wikipedia.org/wiki/Vivienne_Rae-Ellis
Vivienne Wallington: https://en.wikipedia.org/wiki/Vivienne_Wallington
W. T. Goodge: https://en.wikipedia.org/wiki/W._T._Goodge
Wendy James (author): https://en.wikipedia.org/wiki/Wendy_James_(author)
Wendy Orr: https://en.wikipedia.org/wiki/Wendy_Orr
Wendy Scarfe: https://en.wikipedia.org/wiki/Wendy_Scarfe
Will Kostakis: https://en.wikipedia.org/wiki/Will_Kostakis
Will Lawson: https://en.wikipedia.org/wiki/Will_Lawson
William Aubrey Burnage: https://en.wikipedia.org/wiki/William_Aubrey_Burnage
William Baylebridge: https://en.wikipedia.org/wiki/William_Baylebridge
William Fleming (Australian politician): https://en.wikipedia.org/wiki/William_Fleming_(Australian_politician)
William Hay (author): https://en.wikipedia.org/wiki/William_Hay_(author)
William Leonard Marshall: https://en.wikipedia.org/wiki/William_Leonard_Marshall
Winifred Birkett: https://en.wikipedia.org/wiki/Winifred_Birkett
Winifred Lewellin James: https://en.wikipedia.org/wiki/Winifred_Lewellin_James
Wolla Meranda: https://en.wikipedia.org/wiki/Wolla_Meranda
Xavier Herbert: https://en.wikipedia.org/wiki/Xavier_Herbert
Xavier Waterkeyn: https://en.wikipedia.org/wiki/Xavier_Waterkeyn
Zora Cross: https://en.wikipedia.org/wiki/Zora_Cross
