A A Dhand: https://en.wikipedia.org/wiki/A_A_Dhand
A Breed of Heroes: https://en.wikipedia.org/wiki/A_Breed_of_Heroes
A Clockwork Orange (novel): https://en.wikipedia.org/wiki/A_Clockwork_Orange_(novel)
A Dance to the Music of Time: https://en.wikipedia.org/wiki/A_Dance_to_the_Music_of_Time
A Distant Shore (novel): https://en.wikipedia.org/wiki/A_Distant_Shore_(novel)
A Glastonbury Romance: https://en.wikipedia.org/wiki/A_Glastonbury_Romance
A Grass Rope: https://en.wikipedia.org/wiki/A_Grass_Rope
A High Wind in Jamaica (novel): https://en.wikipedia.org/wiki/A_High_Wind_in_Jamaica_(novel)
A House for Mr Biswas: https://en.wikipedia.org/wiki/A_House_for_Mr_Biswas
A Kind of Loving: https://en.wikipedia.org/wiki/A_Kind_of_Loving
A Landing on the Sun: https://en.wikipedia.org/wiki/A_Landing_on_the_Sun
A Month in the Country (novel): https://en.wikipedia.org/wiki/A_Month_in_the_Country_(novel)
A Passage to India: https://en.wikipedia.org/wiki/A_Passage_to_India
A Severed Head: https://en.wikipedia.org/wiki/A_Severed_Head
A Short History of Tractors in Ukrainian: https://en.wikipedia.org/wiki/A_Short_History_of_Tractors_in_Ukrainian
A Simple Story (novel): https://en.wikipedia.org/wiki/A_Simple_Story_(novel)
A Town Like Alice: https://en.wikipedia.org/wiki/A_Town_Like_Alice
A Vicious Circle: https://en.wikipedia.org/wiki/A_Vicious_Circle
A Woman of Substance: https://en.wikipedia.org/wiki/A_Woman_of_Substance
A. A. Milne: https://en.wikipedia.org/wiki/A._A._Milne
A. E. W. Mason: https://en.wikipedia.org/wiki/A._E._W._Mason
A. J. Pearce: https://en.wikipedia.org/wiki/AJ_Pearce
A. J. Quinnell: https://en.wikipedia.org/wiki/A._J._Quinnell
A. N. Wilson: https://en.wikipedia.org/wiki/A._N._Wilson
A. P. Herbert: https://en.wikipedia.org/wiki/A._P._Herbert
A. S. Byatt: https://en.wikipedia.org/wiki/A._S._Byatt
About a Boy (novel): https://en.wikipedia.org/wiki/About_a_Boy_(novel)
Ada Ellen Bayly: https://en.wikipedia.org/wiki/Ada_Ellen_Bayly
Adam Croft: https://en.wikipedia.org/wiki/Adam_Croft
Adam Lively: https://en.wikipedia.org/wiki/Adam_Lively
Adam Mars-Jones: https://en.wikipedia.org/wiki/Adam_Mars-Jones
Adam Thirlwell: https://en.wikipedia.org/wiki/Adam_Thirlwell
Adam Thorpe: https://en.wikipedia.org/wiki/Adam_Thorpe
Adrian Mole: https://en.wikipedia.org/wiki/Adrian_Mole
Agatha Christie: https://en.wikipedia.org/wiki/Agatha_Christie
Aidan Chambers: https://en.wikipedia.org/wiki/Aidan_Chambers
Alain de Botton: https://en.wikipedia.org/wiki/Alain_de_Botton
Alan Bilton: https://en.wikipedia.org/wiki/Alan_Bilton
Alan Garner: https://en.wikipedia.org/wiki/Alan_Garner
Alan Hollinghurst: https://en.wikipedia.org/wiki/Alan_Hollinghurst
Alan Judd: https://en.wikipedia.org/wiki/Alan_Judd
Alan Sillitoe: https://en.wikipedia.org/wiki/Alan_Sillitoe
Alan Titchmarsh: https://en.wikipedia.org/wiki/Alan_Titchmarsh
Aldous Huxley: https://en.wikipedia.org/wiki/Aldous_Huxley
Aleister Crowley: https://en.wikipedia.org/wiki/Aleister_Crowley
Alethea Lewis: https://en.wikipedia.org/wiki/Alethea_Lewis
Alex Garland: https://en.wikipedia.org/wiki/Alex_Garland
Alexander Baron: https://en.wikipedia.org/wiki/Alexander_Baron
Alexander Stuart (The War Zone): https://en.wikipedia.org/wiki/Alexander_Stuart_(writer)
Alfred Duggan: https://en.wikipedia.org/wiki/Alfred_Duggan
Alfred Ollivant (writer): https://en.wikipedia.org/wiki/Alfred_Ollivant_(writer)
Algernon Blackwood: https://en.wikipedia.org/wiki/Algernon_Blackwood
Alice Diehl: https://en.wikipedia.org/wiki/Alice_Diehl
Alice Dudeney: https://en.wikipedia.org/wiki/Alice_Dudeney
Alice's Adventures in Wonderland: https://en.wikipedia.org/wiki/Alice%27s_Adventures_in_Wonderland
Alicia Catherine Mant: https://en.wikipedia.org/wiki/Alicia_Catherine_Mant
Alison Littlewood: https://en.wikipedia.org/wiki/Alison_Littlewood
Alison Prince: https://en.wikipedia.org/wiki/Alison_Prince
Alison Uttley: https://en.wikipedia.org/wiki/Alison_Uttley
Alison Weir: https://en.wikipedia.org/wiki/Alison_Weir
Alistair Fruish: https://en.wikipedia.org/wiki/Alistair_Fruish
All Sorts and Conditions of Men: https://en.wikipedia.org/wiki/All_Sorts_and_Conditions_of_Men
Allan Mallinson: https://en.wikipedia.org/wiki/Allan_Mallinson
Allen Upward: https://en.wikipedia.org/wiki/Allen_Upward
Aly Monroe: https://en.wikipedia.org/wiki/Aly_Monroe
Alys Clare: https://en.wikipedia.org/wiki/Alys_Clare
Amanda Craig: https://en.wikipedia.org/wiki/Amanda_Craig
Amelia Edith Huddleston Barr: https://en.wikipedia.org/wiki/Amelia_Edith_Huddleston_Barr
Amelia Opie: https://en.wikipedia.org/wiki/Amelia_Opie
Amy Catherine Walton: https://en.wikipedia.org/wiki/Amy_Catherine_Walton
An Episode of Sparrows: https://en.wikipedia.org/wiki/An_Episode_of_Sparrows
Andrea Levy: https://en.wikipedia.org/wiki/Andrea_Levy
Andrew Crofts (author): https://en.wikipedia.org/wiki/Andrew_Crofts_(author)
Andrew Crumey: https://en.wikipedia.org/wiki/Andrew_Crumey
Andrew Martin (novelist): https://en.wikipedia.org/wiki/Andrew_Martin_(novelist)
Andy Croft: https://en.wikipedia.org/wiki/Andy_Croft
Andy McDermott: https://en.wikipedia.org/wiki/Andy_McDermott
Angel (novel): https://en.wikipedia.org/wiki/Angel_(novel)
Angela Carter: https://en.wikipedia.org/wiki/Angela_Carter
Angela Huth: https://en.wikipedia.org/wiki/Angela_Huth
Angela Thirkell: https://en.wikipedia.org/wiki/Angela_Thirkell
Angus Donald: https://en.wikipedia.org/wiki/Angus_Donald
Angus Wilson: https://en.wikipedia.org/wiki/Angus_Wilson
Animal Farm: https://en.wikipedia.org/wiki/Animal_Farm
Anita Brookner: https://en.wikipedia.org/wiki/Anita_Brookner
Anita and Me: https://en.wikipedia.org/wiki/Anita_and_Me
Ann Doherty: https://en.wikipedia.org/wiki/Ann_Doherty
Ann Hatton: https://en.wikipedia.org/wiki/Ann_Hatton
Ann Oakley: https://en.wikipedia.org/wiki/Ann_Oakley
Ann Quin: https://en.wikipedia.org/wiki/Ann_Quin
Ann Radcliffe: https://en.wikipedia.org/wiki/Ann_Radcliffe
Ann Yearsley: https://en.wikipedia.org/wiki/Ann_Yearsley
Anna Eliza Bray: https://en.wikipedia.org/wiki/Anna_Eliza_Bray
Anna Harriett Drury: https://en.wikipedia.org/wiki/Anna_Harriett_Drury
Anna Kavan: https://en.wikipedia.org/wiki/Anna_Kavan
Anna Maria Porter: https://en.wikipedia.org/wiki/Anna_Maria_Porter
Anna of the Five Towns: https://en.wikipedia.org/wiki/Anna_of_the_Five_Towns
Anne Billson: https://en.wikipedia.org/wiki/Anne_Billson
Anne Brontë: https://en.wikipedia.org/wiki/Anne_Bront%C3%AB
Anne Elliot (novelist): https://en.wikipedia.org/wiki/Anne_Elliot_(novelist)
Anne Fine: https://en.wikipedia.org/wiki/Anne_Fine
Anne Hepple Dickinson: https://en.wikipedia.org/wiki/Anne_Hepple
Anne Perry: https://en.wikipedia.org/wiki/Anne_Perry
Anne Weale: https://en.wikipedia.org/wiki/Anne_Weale
Annie Armitt: https://en.wikipedia.org/wiki/Annie_Armitt
Annie Edwards: https://en.wikipedia.org/wiki/Annie_Edwards
Annie Hall Cudlip: https://en.wikipedia.org/wiki/Annie_Hall_Cudlip
Annie Keary: https://en.wikipedia.org/wiki/Annie_Keary
Anthony Berkeley Cox: https://en.wikipedia.org/wiki/Anthony_Berkeley_Cox
Anthony Buckeridge: https://en.wikipedia.org/wiki/Anthony_Buckeridge
Anthony Burgess: https://en.wikipedia.org/wiki/Anthony_Burgess
Anthony Earnshaw: https://en.wikipedia.org/wiki/Anthony_Earnshaw
Anthony Hope: https://en.wikipedia.org/wiki/Anthony_Hope
Anthony Horowitz: https://en.wikipedia.org/wiki/Anthony_Horowitz
Anthony Lejeune: https://en.wikipedia.org/wiki/Anthony_Lejeune
Anthony Powell: https://en.wikipedia.org/wiki/Anthony_Powell
Anthony Trollope: https://en.wikipedia.org/wiki/Anthony_Trollope
Antonia Fraser: https://en.wikipedia.org/wiki/Antonia_Fraser
Antonia White: https://en.wikipedia.org/wiki/Antonia_White
Antony Johnston: https://en.wikipedia.org/wiki/Antony_Johnston
Any Human Heart: https://en.wikipedia.org/wiki/Any_Human_Heart
Aphra Behn: https://en.wikipedia.org/wiki/Aphra_Behn
Apples: https://en.wikipedia.org/wiki/Apple
Arnold Bennett: https://en.wikipedia.org/wiki/Arnold_Bennett
Arthur C. Clarke: https://en.wikipedia.org/wiki/Arthur_C._Clarke
Arthur Griffiths (author): https://en.wikipedia.org/wiki/Arthur_Griffiths_(author)
Arthur Guirdham: https://en.wikipedia.org/wiki/Arthur_Guirdham
Arthur Hailey: https://en.wikipedia.org/wiki/Arthur_Hailey
Arthur Quiller-Couch: https://en.wikipedia.org/wiki/Arthur_Quiller-Couch
Arthur Ransome: https://en.wikipedia.org/wiki/Arthur_Ransome
Arthur St. John Adcock: https://en.wikipedia.org/wiki/Arthur_St_John_Adcock
Arthur Stuart-Menteth Hutchinson: https://en.wikipedia.org/wiki/A._S._M._Hutchinson
Atonement (novel): https://en.wikipedia.org/wiki/Atonement_(novel)
Auberon Waugh: https://en.wikipedia.org/wiki/Auberon_Waugh
Aubrey–Maturin series: https://en.wikipedia.org/wiki/Aubrey%E2%80%93Maturin_series
B. S. Johnson: https://en.wikipedia.org/wiki/B._S._Johnson
Barbara Cartland: https://en.wikipedia.org/wiki/Barbara_Cartland
Barbara Erskine: https://en.wikipedia.org/wiki/Barbara_Erskine
Barbara Euphan Todd: https://en.wikipedia.org/wiki/Barbara_Euphan_Todd
Barbara Hofland: https://en.wikipedia.org/wiki/Barbara_Hofland
Barbara Pym: https://en.wikipedia.org/wiki/Barbara_Pym
Barbara Taylor Bradford: https://en.wikipedia.org/wiki/Barbara_Taylor_Bradford
Barbara Vine: https://en.wikipedia.org/wiki/Ruth_Rendell
Barchester Towers: https://en.wikipedia.org/wiki/Barchester_Towers
Barry England: https://en.wikipedia.org/wiki/Barry_England
Barry Pain: https://en.wikipedia.org/wiki/Barry_Pain
Barry Tebb: https://en.wikipedia.org/wiki/Barry_Tebb
Barry Unsworth: https://en.wikipedia.org/wiki/Barry_Unsworth
Ben Elton: https://en.wikipedia.org/wiki/Ben_Elton
Ben Myers: https://en.wikipedia.org/wiki/Ben_Myers
Ben Okri: https://en.wikipedia.org/wiki/Ben_Okri
Benjamin Disraeli: https://en.wikipedia.org/wiki/Benjamin_Disraeli
Berlie Doherty: https://en.wikipedia.org/wiki/Berlie_Doherty
Bernard Ashley (author): https://en.wikipedia.org/wiki/Bernard_Ashley_(author)
Bernard Cornwell: https://en.wikipedia.org/wiki/Bernard_Cornwell
Bertha Jane Grundy: https://en.wikipedia.org/wiki/Bertha_Jane_Grundy
Bertie Wooster: https://en.wikipedia.org/wiki/Bertie_Wooster
Beryl Bainbridge: https://en.wikipedia.org/wiki/Beryl_Bainbridge
Beverley Nichols: https://en.wikipedia.org/wiki/Beverley_Nichols
Biggles: https://en.wikipedia.org/wiki/Biggles
Bildungsroman: https://en.wikipedia.org/wiki/Bildungsroman
Billie Morgan: https://en.wikipedia.org/wiki/Billie_Morgan
Billy Bunter: https://en.wikipedia.org/wiki/Billy_Bunter
Billy Liar: https://en.wikipedia.org/wiki/Billy_Liar
Bithia Mary Croker: https://en.wikipedia.org/wiki/Bithia_Mary_Croker
Blake Morrison: https://en.wikipedia.org/wiki/Blake_Morrison
Blanche Atkinson: https://en.wikipedia.org/wiki/Blanche_Atkinson
Blanche Warre-Cornish: https://en.wikipedia.org/wiki/Blanche_Warre-Cornish
Bows Against the Barons: https://en.wikipedia.org/wiki/Bows_against_the_Barons
Boy (novel): https://en.wikipedia.org/wiki/Boy_(novel)
Brave New World: https://en.wikipedia.org/wiki/Brave_New_World
Brethren (novel): https://en.wikipedia.org/wiki/Brethren_(novel)
Brian Aldiss: https://en.wikipedia.org/wiki/Brian_Aldiss
Brian Cleeve: https://en.wikipedia.org/wiki/Brian_Cleeve
Brian Jacques: https://en.wikipedia.org/wiki/Brian_Jacques
Bridget Jones's Diary (novel): https://en.wikipedia.org/wiki/Bridget_Jones%27s_Diary_(novel)
Brighton Rock (novel): https://en.wikipedia.org/wiki/Brighton_Rock_(novel)
Brigid Brophy: https://en.wikipedia.org/wiki/Brigid_Brophy
Bruce Chatwin: https://en.wikipedia.org/wiki/Bruce_Chatwin
Buchi Emecheta: https://en.wikipedia.org/wiki/Buchi_Emecheta
Bulldog Drummond (novel): https://en.wikipedia.org/wiki/Bulldog_Drummond_(novel)
Bungay Castle (novel): https://en.wikipedia.org/wiki/Bungay_Castle_(novel)
C. H. B. Kitchin: https://en.wikipedia.org/wiki/C._H._B._Kitchin
C. P. Snow: https://en.wikipedia.org/wiki/C._P._Snow
C. S. Forester: https://en.wikipedia.org/wiki/C._S._Forester
C. S. Lewis: https://en.wikipedia.org/wiki/C._S._Lewis
Caitlin Davies: https://en.wikipedia.org/wiki/Caitlin_Davies
Callista (novel): https://en.wikipedia.org/wiki/Callista_(novel)
Camilla Dufour Crosland: https://en.wikipedia.org/wiki/Camilla_Dufour_Crosland
Candace Robb: https://en.wikipedia.org/wiki/Candace_Robb
Captain Corelli's Mandolin: https://en.wikipedia.org/wiki/Captain_Corelli%27s_Mandolin
Carl Ashmore: https://en.wikipedia.org/wiki/Carl_Ashmore
Carol Birch: https://en.wikipedia.org/wiki/Carol_Birch
Carola Oman: https://en.wikipedia.org/wiki/Carola_Oman
Carole Hayman: https://en.wikipedia.org/wiki/Carole_Hayman
Carole Matthews: https://en.wikipedia.org/wiki/Carole_Matthews
Caroline Burney: https://en.wikipedia.org/wiki/Caroline_Burney
Caroline Lucy Scott: https://en.wikipedia.org/wiki/Caroline_Lucy_Scott
Carrie's War: https://en.wikipedia.org/wiki/Carrie%27s_War
Caryl Phillips: https://en.wikipedia.org/wiki/Caryl_Phillips
Category:English novelists: https://en.wikipedia.org/wiki/Category:English_novelists
Category:Use British English from February 2021: https://en.wikipedia.org/wiki/Category:Use_British_English_from_February_2021
Category:Use dmy dates from February 2021: https://en.wikipedia.org/wiki/Category:Use_dmy_dates_from_February_2021
Catherine Aird: https://en.wikipedia.org/wiki/Catherine_Aird
Catherine Christian: https://en.wikipedia.org/wiki/Catherine_Christian
Catherine Cookson: https://en.wikipedia.org/wiki/Catherine_Cookson
Catherine Crowe: https://en.wikipedia.org/wiki/Catherine_Crowe
Catherine Cuthbertson: https://en.wikipedia.org/wiki/Catherine_Cuthbertson
Catherine Fisher: https://en.wikipedia.org/wiki/Catherine_Fisher
Catherine Gore: https://en.wikipedia.org/wiki/Catherine_Gore
Catherine Isabella Dodd: https://en.wikipedia.org/wiki/Catherine_Isabella_Dodd
Catherine Storr: https://en.wikipedia.org/wiki/Catherine_Storr
Catherine Webb: https://en.wikipedia.org/wiki/Catherine_Webb
Cathi Unsworth: https://en.wikipedia.org/wiki/Cathi_Unsworth
Celia Dale: https://en.wikipedia.org/wiki/Celia_Dale
Charles Dickens: https://en.wikipedia.org/wiki/Charles_Dickens
Charles Gibbon: https://en.wikipedia.org/wiki/Charles_Gibbon
Charles Hamilton (writer): https://en.wikipedia.org/wiki/Charles_Hamilton_(writer)
Charles Kingsley: https://en.wikipedia.org/wiki/Charles_Kingsley
Charles Lambert (author): https://en.wikipedia.org/wiki/Charles_Lambert_(author)
Charles Reade: https://en.wikipedia.org/wiki/Charles_Reade
Charles Warren Adams: https://en.wikipedia.org/wiki/Charles_Warren_Adams
Charles West (author): https://en.wikipedia.org/wiki/Charles_West_(author)
Charles Whistler: https://en.wikipedia.org/wiki/Charles_Whistler
Charles Whiting: https://en.wikipedia.org/wiki/Charles_Whiting
Charles Williams (British writer): https://en.wikipedia.org/wiki/Charles_Williams_(British_writer)
Charlie Williams (UK writer): https://en.wikipedia.org/wiki/Charlie_Williams_(British_writer)
Charlotte Anley: https://en.wikipedia.org/wiki/Charlotte_Anley
Charlotte Brontë: https://en.wikipedia.org/wiki/Charlotte_Bront%C3%AB
Charlotte Bury: https://en.wikipedia.org/wiki/Lady_Charlotte_Bury
Charlotte Dacre: https://en.wikipedia.org/wiki/Charlotte_Dacre
Charlotte Lamb: https://en.wikipedia.org/wiki/Charlotte_Lamb
Charlotte Maria Tucker: https://en.wikipedia.org/wiki/Charlotte_Maria_Tucker
Charlotte Mary Yonge: https://en.wikipedia.org/wiki/Charlotte_Mary_Yonge
Charlotte Palmer: https://en.wikipedia.org/wiki/Charlotte_Palmer
Charlotte Riddell: https://en.wikipedia.org/wiki/Charlotte_Riddell
Checkmate (Sydney Horler): https://en.wikipedia.org/wiki/Checkmate_(Sydney_Horler_novel)
Cherith Baldry: https://en.wikipedia.org/wiki/Cherith_Baldry
China Miéville: https://en.wikipedia.org/wiki/China_Mi%C3%A9ville
Christabel Rose Coleridge: https://en.wikipedia.org/wiki/Christabel_Rose_Coleridge
Christine Chaundler: https://en.wikipedia.org/wiki/Christine_Chaundler
Christopher Isherwood: https://en.wikipedia.org/wiki/Christopher_Isherwood
Christopher Priest (novelist): https://en.wikipedia.org/wiki/Christopher_Priest_(novelist)
Christopher Wood (writer): https://en.wikipedia.org/wiki/Christopher_Wood_(writer)
Chronicles of Ancient Darkness: https://en.wikipedia.org/wiki/Chronicles_of_Ancient_Darkness
Claire Fuller: https://en.wikipedia.org/wiki/Claire_Fuller
Clara Mulholland: https://en.wikipedia.org/wiki/Clara_Mulholland
Clara Reeve: https://en.wikipedia.org/wiki/Clara_Reeve
Clemence Dane: https://en.wikipedia.org/wiki/Clemence_Dane
Clementina Black: https://en.wikipedia.org/wiki/Clementina_Black
Clive Sinclair (author): https://en.wikipedia.org/wiki/Clive_Sinclair_(author)
Cold Comfort Farm: https://en.wikipedia.org/wiki/Cold_Comfort_Farm
Colin Butts: https://en.wikipedia.org/wiki/Colin_Butts
Colin Dexter: https://en.wikipedia.org/wiki/Colin_Dexter
Colin Thubron: https://en.wikipedia.org/wiki/Colin_Thubron
Concordia Merrel: https://en.wikipedia.org/wiki/Concordia_Merrel
Confessions of a Thug (novel): https://en.wikipedia.org/wiki/Confessions_of_a_Thug_(novel)
Confessions of an English Opium-Eater: https://en.wikipedia.org/wiki/Confessions_of_an_English_Opium-Eater
Coningsby Dawson: https://en.wikipedia.org/wiki/Coningsby_Dawson
Conn Iggulden: https://en.wikipedia.org/wiki/Conn_Iggulden
Connie Glynn: https://en.wikipedia.org/wiki/Connie_Glynn
Cranford (novel): https://en.wikipedia.org/wiki/Cranford_(novel)
Crash (1973 novel): https://en.wikipedia.org/wiki/Crash_(Ballard_novel)
Cynthia Harnett: https://en.wikipedia.org/wiki/Cynthia_Harnett
D. H. Lawrence: https://en.wikipedia.org/wiki/D._H._Lawrence
D. J. Enright: https://en.wikipedia.org/wiki/D._J._Enright
D. K. Broster: https://en.wikipedia.org/wiki/D._K._Broster
Daisy Ashford: https://en.wikipedia.org/wiki/Daisy_Ashford
Damage (Hart novel): https://en.wikipedia.org/wiki/Damage_(Hart_novel)
Dan Rhodes: https://en.wikipedia.org/wiki/Dan_Rhodes
Daniel Defoe: https://en.wikipedia.org/wiki/Daniel_Defoe
Daniel O'Mahony: https://en.wikipedia.org/wiki/Daniel_O%27Mahony
Daphne du Maurier: https://en.wikipedia.org/wiki/Daphne_du_Maurier
David Almond: https://en.wikipedia.org/wiki/David_Almond
David Donachie: https://en.wikipedia.org/wiki/David_Donachie
David Kessler (author): https://en.wikipedia.org/wiki/David_Kessler_(author)
David Lodge (author): https://en.wikipedia.org/wiki/David_Lodge_(author)
David Mitchell (author): https://en.wikipedia.org/wiki/David_Mitchell_(author)
David Nobbs: https://en.wikipedia.org/wiki/David_Nobbs
David Peace: https://en.wikipedia.org/wiki/David_Peace
David Storey: https://en.wikipedia.org/wiki/David_Storey
David Walliams: https://en.wikipedia.org/wiki/David_Walliams
Dead Babies (novel): https://en.wikipedia.org/wiki/Dead_Babies_(novel)
Dean Vincent Carter: https://en.wikipedia.org/wiki/Dean_Vincent_Carter
Dear Mrs Bird: https://en.wikipedia.org/wiki/AJ_Pearce
Death of a Hero: https://en.wikipedia.org/wiki/Death_of_a_Hero
Deborah Levy: https://en.wikipedia.org/wiki/Deborah_Levy
Decline and Fall: https://en.wikipedia.org/wiki/Decline_and_Fall
Deluge (novel): https://en.wikipedia.org/wiki/Deluge_(novel)
Denis Bond (writer): https://en.wikipedia.org/wiki/Denis_Bond_(writer)
Denis Mackail: https://en.wikipedia.org/wiki/Denis_Mackail
Denis Pitts: https://en.wikipedia.org/wiki/Denis_Pitts
Denise Danks: https://en.wikipedia.org/wiki/Denise_Danks
Denise Robins: https://en.wikipedia.org/wiki/Denise_Robins
Dennis Wheatley: https://en.wikipedia.org/wiki/Dennis_Wheatley
Derek Marlowe: https://en.wikipedia.org/wiki/Derek_Marlowe
Derek Raymond: https://en.wikipedia.org/wiki/Derek_Raymond
Descent into Hell (novel): https://en.wikipedia.org/wiki/Descent_into_Hell_(novel)
Desmond Bagley: https://en.wikipedia.org/wiki/Desmond_Bagley
Desmond Hawkins: https://en.wikipedia.org/wiki/Desmond_Hawkins
Diana Wynne Jones: https://en.wikipedia.org/wiki/Diana_Wynne_Jones
Diane Setterfield: https://en.wikipedia.org/wiki/Diane_Setterfield
Dick King-Smith: https://en.wikipedia.org/wiki/Dick_King-Smith
Dinah Craik: https://en.wikipedia.org/wiki/Dinah_Craik
Dirty Weekend (novel): https://en.wikipedia.org/wiki/Dirty_Weekend_(novel)
Doctor Dolittle: https://en.wikipedia.org/wiki/Doctor_Dolittle
Doctor Who: https://en.wikipedia.org/wiki/Doctor_Who
Dodie Smith: https://en.wikipedia.org/wiki/Dodie_Smith
Doreen Wallace: https://en.wikipedia.org/wiki/Doreen_Wallace
Doris Lessing: https://en.wikipedia.org/wiki/Doris_Lessing
Dornford Yates: https://en.wikipedia.org/wiki/Dornford_Yates
Dorothy Cowlin: https://en.wikipedia.org/wiki/Dorothy_Cowlin
Dorothy Edwards (children's writer): https://en.wikipedia.org/wiki/Dorothy_Edwards_(children%27s_writer)
Dorothy Koomson: https://en.wikipedia.org/wiki/Dorothy_Koomson
Dorothy L. Sayers: https://en.wikipedia.org/wiki/Dorothy_L._Sayers
Dorothy Richardson: https://en.wikipedia.org/wiki/Dorothy_Richardson
Dorothy Simpson: https://en.wikipedia.org/wiki/Dorothy_Simpson
Dorothy Whipple: https://en.wikipedia.org/wiki/Dorothy_Whipple
Douglas Adams: https://en.wikipedia.org/wiki/Douglas_Adams
Douglas Hurd: https://en.wikipedia.org/wiki/Douglas_Hurd
Douglas Reeman: https://en.wikipedia.org/wiki/Douglas_Reeman
Dr. Fu Manchu: https://en.wikipedia.org/wiki/Fu_Manchu
Dudley Costello: https://en.wikipedia.org/wiki/Dudley_Costello
Dudley Pope: https://en.wikipedia.org/wiki/Dudley_Pope
Duncan Fallowell: https://en.wikipedia.org/wiki/Duncan_Fallowell
Duncton Wood: https://en.wikipedia.org/wiki/Duncton_Wood
E. Arnot Robertson: https://en.wikipedia.org/wiki/E._Arnot_Robertson
E. C. R. Lorac: https://en.wikipedia.org/wiki/E._C._R._Lorac
E. F. Benson: https://en.wikipedia.org/wiki/E._F._Benson
E. H. Young: https://en.wikipedia.org/wiki/E._H._Young
E. M. Almedingen: https://en.wikipedia.org/wiki/E._M._Almedingen
E. M. Forster: https://en.wikipedia.org/wiki/E._M._Forster
E. M. Foster: https://en.wikipedia.org/wiki/E._M._Foster
E. Phillips Oppenheim: https://en.wikipedia.org/wiki/E._Phillips_Oppenheim
E. R. Eddison: https://en.wikipedia.org/wiki/E._R._Eddison
E. W. Hornung: https://en.wikipedia.org/wiki/E._W._Hornung
Eagle in the Snow: https://en.wikipedia.org/wiki/Eagle_in_the_Snow
Eagle series: https://en.wikipedia.org/wiki/Eagles_of_the_Empire
East Lynne: https://en.wikipedia.org/wiki/East_Lynne
Edgar Jepson: https://en.wikipedia.org/wiki/Edgar_Jepson
Edgar Wallace: https://en.wikipedia.org/wiki/Edgar_Wallace
Edith Escombe: https://en.wikipedia.org/wiki/Edith_Escombe
Edith Pargeter: https://en.wikipedia.org/wiki/Edith_Pargeter
Edward Augustus Kendall: https://en.wikipedia.org/wiki/Edward_Augustus_Kendall
Edward Bradley (writer): https://en.wikipedia.org/wiki/Edward_Bradley_(writer)
Edward Bulwer-Lytton: https://en.wikipedia.org/wiki/Edward_Bulwer-Lytton
Edward Howard (novelist): https://en.wikipedia.org/wiki/Edward_Howard_(novelist)
Edward Rutherfurd: https://en.wikipedia.org/wiki/Edward_Rutherfurd
Edward Upward: https://en.wikipedia.org/wiki/Edward_Upward
Edwin Abbott Abbott: https://en.wikipedia.org/wiki/Edwin_Abbott_Abbott
Edwin Atherstone: https://en.wikipedia.org/wiki/Edwin_Atherstone
Edwin Lester Arnold: https://en.wikipedia.org/wiki/Edwin_Lester_Arnold
Elaine Feinstein: https://en.wikipedia.org/wiki/Elaine_Feinstein
Elaine Horseman: https://en.wikipedia.org/wiki/Elaine_Horseman
Eleanor Hibbert: https://en.wikipedia.org/wiki/Eleanor_Alice_Burford
Eleanor Sleath: https://en.wikipedia.org/wiki/Eleanor_Sleath
Elfrida Vipont: https://en.wikipedia.org/wiki/Elfrida_Vipont
Elinor Lyon: https://en.wikipedia.org/wiki/Elinor_Lyon
Elinor Mordaunt: https://en.wikipedia.org/wiki/Elinor_Mordaunt
Eliot Bliss: https://en.wikipedia.org/wiki/Eliot_Bliss
Eliza Fenwick: https://en.wikipedia.org/wiki/Eliza_Fenwick
Eliza Humphreys: https://en.wikipedia.org/wiki/Eliza_Humphreys
Eliza Parsons: https://en.wikipedia.org/wiki/Eliza_Parsons
Elizabeth Arnold (children's writer): https://en.wikipedia.org/wiki/Elizabeth_Arnold_(children%27s_writer)
Elizabeth Benger: https://en.wikipedia.org/wiki/Elizabeth_Benger
Elizabeth Blower: https://en.wikipedia.org/wiki/Elizabeth_Blower
Elizabeth Bonhôte: https://en.wikipedia.org/wiki/Elizabeth_Bonh%C3%B4te
Elizabeth Chadwick: https://en.wikipedia.org/wiki/Elizabeth_Chadwick
Elizabeth Cobbold: https://en.wikipedia.org/wiki/Elizabeth_Cobbold
Elizabeth Gaskell: https://en.wikipedia.org/wiki/Elizabeth_Gaskell
Elizabeth Gunning (translator): https://en.wikipedia.org/wiki/Elizabeth_Gunning_(translator)
Elizabeth Inchbald: https://en.wikipedia.org/wiki/Elizabeth_Inchbald
Elizabeth Jane Howard: https://en.wikipedia.org/wiki/Elizabeth_Jane_Howard
Elizabeth Meeke: https://en.wikipedia.org/wiki/Elizabeth_Meeke
Elizabeth Taylor (novelist): https://en.wikipedia.org/wiki/Elizabeth_Taylor_(novelist)
Elizabeth Thomas (poet/novelist): https://en.wikipedia.org/wiki/Elizabeth_Thomas_(poet/novelist)
Elizabeth and Her German Garden: https://en.wikipedia.org/wiki/Elizabeth_and_Her_German_Garden
Elizabeth von Arnim: https://en.wikipedia.org/wiki/Elizabeth_von_Arnim
Ella Hepworth Dixon: https://en.wikipedia.org/wiki/Ella_Hepworth_Dixon
Ellen Thorneycroft Fowler: https://en.wikipedia.org/wiki/Ellen_Thorneycroft_Fowler
Ellen Wood (author): https://en.wikipedia.org/wiki/Ellen_Wood_(author)
Emilia Marryat: https://en.wikipedia.org/wiki/Emilia_Marryat
Emily Brontë: https://en.wikipedia.org/wiki/Emily_Bront%C3%AB
Emily Clark: https://en.wikipedia.org/wiki/Emily_Clark
Emily Eden: https://en.wikipedia.org/wiki/Emily_Eden
Emily Spender: https://en.wikipedia.org/wiki/Emily_Spender
Emma Darwin (novelist): https://en.wikipedia.org/wiki/Emma_Darwin_(novelist)
Emma Hosken: https://en.wikipedia.org/wiki/Emma_Hosken
Emma Jane Guyton: https://en.wikipedia.org/wiki/Emma_Jane_Guyton
Emma Orczy: https://en.wikipedia.org/wiki/Baroness_Orczy
Emma Parker: https://en.wikipedia.org/wiki/Emma_Parker
Emma Smith (author): https://en.wikipedia.org/wiki/Emma_Smith_(author)
England, England: https://en.wikipedia.org/wiki/England,_England
English Passengers: https://en.wikipedia.org/wiki/English_Passengers
English literature: https://en.wikipedia.org/wiki/English_literature
English novel: https://en.wikipedia.org/wiki/English_novel
Epistolary novels: https://en.wikipedia.org/wiki/Epistolary_novel
Erewhon: https://en.wikipedia.org/wiki/Erewhon
Eric Knight: https://en.wikipedia.org/wiki/Eric_Knight
Eric Malpass: https://en.wikipedia.org/wiki/Eric_Malpass
Eric Pringle: https://en.wikipedia.org/wiki/Eric_Pringle
Eric, or, Little by Little: https://en.wikipedia.org/wiki/Eric,_or,_Little_by_Little
Ernest Dudley: https://en.wikipedia.org/wiki/Ernest_Dudley
Ernest Elmore: https://en.wikipedia.org/wiki/Ernest_Elmore
Esperanto: https://en.wikipedia.org/wiki/Esperanto
Esther Freud: https://en.wikipedia.org/wiki/Esther_Freud
Ethel Carnie Holdsworth: https://en.wikipedia.org/wiki/Ethel_Carnie_Holdsworth
Europa (novel): https://en.wikipedia.org/wiki/Europa_(novel)
Evelina (novel): https://en.wikipedia.org/wiki/Evelina
Evelyn Anthony: https://en.wikipedia.org/wiki/Evelyn_Anthony
Evelyn Everett-Green: https://en.wikipedia.org/wiki/Evelyn_Everett-Green
Evelyn Underhill: https://en.wikipedia.org/wiki/Evelyn_Underhill
Evelyn Waugh: https://en.wikipedia.org/wiki/Evelyn_Waugh
Evelyn Whitaker: https://en.wikipedia.org/wiki/Evelyn_Whitaker
F. E. Mills Young: https://en.wikipedia.org/wiki/F._E._Mills_Young
F. J. Harvey Darton: https://en.wikipedia.org/wiki/F._J._Harvey_Darton
F. M. Mayor: https://en.wikipedia.org/wiki/F._M._Mayor
Fabulous Histories: https://en.wikipedia.org/wiki/Fabulous_Histories
Far from the Madding Crowd: https://en.wikipedia.org/wiki/Far_from_the_Madding_Crowd
Fatherland (novel): https://en.wikipedia.org/wiki/Fatherland_(novel)
Fay Weldon: https://en.wikipedia.org/wiki/Fay_Weldon
Felix Francis: https://en.wikipedia.org/wiki/Felix_Francis
Fergus Hume: https://en.wikipedia.org/wiki/Fergus_Hume
Fiona Mozley: https://en.wikipedia.org/wiki/Fiona_Mozley
Flatland: https://en.wikipedia.org/wiki/Flatland
Flora Annie Steel: https://en.wikipedia.org/wiki/Flora_Annie_Steel
Florence Montgomery: https://en.wikipedia.org/wiki/Florence_Montgomery
Florence Warden: https://en.wikipedia.org/wiki/Florence_Warden
Ford Madox Ford: https://en.wikipedia.org/wiki/Ford_Madox_Ford
Frances Brooke: https://en.wikipedia.org/wiki/Frances_Brooke
Frances Burney: https://en.wikipedia.org/wiki/Frances_Burney
Frances Catherine Barnard: https://en.wikipedia.org/wiki/Frances_Catherine_Barnard
Frances Hodgson Burnett: https://en.wikipedia.org/wiki/Frances_Hodgson_Burnett
Frances Jacson: https://en.wikipedia.org/wiki/Frances_Jacson
Frances Mary Peard: https://en.wikipedia.org/wiki/Frances_Mary_Peard
Frances Vernon: https://en.wikipedia.org/wiki/Frances_Vernon
Francis Adams (writer): https://en.wikipedia.org/wiki/Francis_Adams_(writer)
Francis Lathom: https://en.wikipedia.org/wiki/Francis_Lathom
Francis Leslie Ashton: https://en.wikipedia.org/wiki/Francis_Leslie_Ashton
Frank Atha Westbury: https://en.wikipedia.org/wiki/Frank_Atha_Westbury
Frankenstein: https://en.wikipedia.org/wiki/Frankenstein
Fred Hoyle: https://en.wikipedia.org/wiki/Fred_Hoyle
Fred M. White: https://en.wikipedia.org/wiki/Fred_M._White
Frederic Farrar: https://en.wikipedia.org/wiki/Frederic_Farrar
Frederic Raphael: https://en.wikipedia.org/wiki/Frederic_Raphael
Frederick Forsyth: https://en.wikipedia.org/wiki/Frederick_Forsyth
Frederick Greenwood: https://en.wikipedia.org/wiki/Frederick_Greenwood
Frederick Marryat: https://en.wikipedia.org/wiki/Frederick_Marryat
Frederick Rolfe: https://en.wikipedia.org/wiki/Frederick_Rolfe
Frederick Sadleir Brereton: https://en.wikipedia.org/wiki/Frederick_Sadleir_Brereton
Frederick William Robinson: https://en.wikipedia.org/wiki/Frederick_William_Robinson
Fripp (novel): https://en.wikipedia.org/wiki/Fripp_(novel)
Frost in May: https://en.wikipedia.org/wiki/Frost_in_May
G. (novel): https://en.wikipedia.org/wiki/G._(novel)
G. A. Henty: https://en.wikipedia.org/wiki/G._A._Henty
G. E. Farrow: https://en.wikipedia.org/wiki/G._E._Farrow
G. K. Chesterton: https://en.wikipedia.org/wiki/G._K._Chesterton
G. P. Taylor: https://en.wikipedia.org/wiki/G._P._Taylor
Gabriel Fielding: https://en.wikipedia.org/wiki/Gabriel_Fielding
Gareth Sibson: https://en.wikipedia.org/wiki/Gareth_Sibson
Garry Kilworth: https://en.wikipedia.org/wiki/Garry_Kilworth
Gene Kemp: https://en.wikipedia.org/wiki/Gene_Kemp
Geoff Dyer: https://en.wikipedia.org/wiki/Geoff_Dyer
Geoffrey Bennett: https://en.wikipedia.org/wiki/Geoffrey_Bennett
Geoffrey Trease: https://en.wikipedia.org/wiki/Geoffrey_Trease
George Alfred Lawrence: https://en.wikipedia.org/wiki/George_Alfred_Lawrence
George Borrow: https://en.wikipedia.org/wiki/George_Borrow
George Eliot: https://en.wikipedia.org/wiki/George_Eliot
George Gissing: https://en.wikipedia.org/wiki/George_Gissing
George MacDonald Fraser: https://en.wikipedia.org/wiki/George_MacDonald_Fraser
George Manville Fenn: https://en.wikipedia.org/wiki/George_Manville_Fenn
George Meredith: https://en.wikipedia.org/wiki/George_Meredith
George Orwell: https://en.wikipedia.org/wiki/George_Orwell
George Payne Rainsford James: https://en.wikipedia.org/wiki/George_Payne_Rainsford_James
George Walker (novelist): https://en.wikipedia.org/wiki/George_Walker_(novelist)
George du Maurier: https://en.wikipedia.org/wiki/George_du_Maurier
Georgette Heyer: https://en.wikipedia.org/wiki/Georgette_Heyer
Georgiana Cavendish, Duchess of Devonshire: https://en.wikipedia.org/wiki/Georgiana_Cavendish,_Duchess_of_Devonshire
Geraldine Jewsbury: https://en.wikipedia.org/wiki/Geraldine_Jewsbury
Gertrude Minnie Faulding: https://en.wikipedia.org/wiki/Gertrude_Minnie_Faulding
Gertrude Minnie Robins: https://en.wikipedia.org/wiki/Gertrude_Minnie_Robins
Giles Kristian: https://en.wikipedia.org/wiki/Giles_Kristian
Gillian Avery: https://en.wikipedia.org/wiki/Gillian_Avery
Girl Number One (book): https://en.wikipedia.org/wiki/Jane_Holland
Gladys Bronwyn Stern: https://en.wikipedia.org/wiki/Gladys_Bronwyn_Stern
Gormenghast series: https://en.wikipedia.org/wiki/Gormenghast_(series)
Grace Aguilar: https://en.wikipedia.org/wiki/Grace_Aguilar
Graham Greene: https://en.wikipedia.org/wiki/Graham_Greene
Graham Hurley: https://en.wikipedia.org/wiki/Graham_Hurley
Graham Joyce: https://en.wikipedia.org/wiki/Graham_Joyce
Graham Swift: https://en.wikipedia.org/wiki/Graham_Swift
Gulliver's Travels: https://en.wikipedia.org/wiki/Gulliver%27s_Travels
Guy Mankowski: https://en.wikipedia.org/wiki/Guy_Mankowski
Guy Walters: https://en.wikipedia.org/wiki/Guy_Walters
Gwen Grant: https://en.wikipedia.org/wiki/Gwen_Grant
Gwynedd Rae: https://en.wikipedia.org/wiki/Gwynedd_Rae
H. E. Bates: https://en.wikipedia.org/wiki/H._E._Bates
H. F. M. Prescott: https://en.wikipedia.org/wiki/H._F._M._Prescott
H. G. Wells: https://en.wikipedia.org/wiki/H._G._Wells
H. Rider Haggard: https://en.wikipedia.org/wiki/H._Rider_Haggard
H. Russell Wakefield: https://en.wikipedia.org/wiki/H._Russell_Wakefield
Hadrian the Seventh: https://en.wikipedia.org/wiki/Hadrian_the_Seventh
Hale White: https://en.wikipedia.org/wiki/Hale_White
Hall Caine: https://en.wikipedia.org/wiki/Hall_Caine
Hammond Innes: https://en.wikipedia.org/wiki/Hammond_Innes
Hanif Kureishi: https://en.wikipedia.org/wiki/Hanif_Kureishi
Hardiman Scott: https://en.wikipedia.org/wiki/Hardiman_Scott
Harold Heslop: https://en.wikipedia.org/wiki/Harold_Heslop
Harold Pinter: https://en.wikipedia.org/wiki/Harold_Pinter
Harry Potter: https://en.wikipedia.org/wiki/Harry_Potter
Hazel Adair (novelist): https://en.wikipedia.org/wiki/Hazel_Adair_(novelist)
Hazel Gaynor: https://en.wikipedia.org/wiki/Hazel_Gaynor
Hazel Holt: https://en.wikipedia.org/wiki/Hazel_Holt
Headlong Hall: https://en.wikipedia.org/wiki/Headlong_Hall
Helen Cresswell: https://en.wikipedia.org/wiki/Helen_Cresswell
Helen Dunmore: https://en.wikipedia.org/wiki/Helen_Dunmore
Helen Fielding: https://en.wikipedia.org/wiki/Helen_Fielding
Helen Simpson (author): https://en.wikipedia.org/wiki/Helen_Simpson_(author)
Helen Zahavi: https://en.wikipedia.org/wiki/Helen_Zahavi
Henrietta Maria Bowdler: https://en.wikipedia.org/wiki/Henrietta_Maria_Bowdler
Henry Brinton: https://en.wikipedia.org/wiki/Henry_Brinton
Henry Cockton: https://en.wikipedia.org/wiki/Henry_Cockton
Henry Fielding: https://en.wikipedia.org/wiki/Henry_Fielding
Henry Green: https://en.wikipedia.org/wiki/Henry_Green
Henry Hall Dixon: https://en.wikipedia.org/wiki/Henry_Hall_Dixon
Henry James: https://en.wikipedia.org/wiki/Henry_James
Henry Kingsley: https://en.wikipedia.org/wiki/Henry_Kingsley
Henry Treece: https://en.wikipedia.org/wiki/Henry_Treece
Henry Williamson: https://en.wikipedia.org/wiki/Henry_Williamson
Herman Cyril McNeile: https://en.wikipedia.org/wiki/H._C._McNeile
Hesba Stretton: https://en.wikipedia.org/wiki/Hesba_Stretton
Hester Burton: https://en.wikipedia.org/wiki/Hester_Burton
Hilary Mantel: https://en.wikipedia.org/wiki/Hilary_Mantel
Hilary McKay: https://en.wikipedia.org/wiki/Hilary_McKay
His Dark Materials: https://en.wikipedia.org/wiki/His_Dark_Materials
Holiday (novel): https://en.wikipedia.org/wiki/Holiday_(novel)
Horatio Hornblower: https://en.wikipedia.org/wiki/Horatio_Hornblower
Hot Head (novel): https://en.wikipedia.org/wiki/Hot_Head_(novel)
Hotel du Lac: https://en.wikipedia.org/wiki/Hotel_du_Lac
Household Words: https://en.wikipedia.org/wiki/Household_Words
How Green Was My Valley: https://en.wikipedia.org/wiki/How_Green_Was_My_Valley
Howard Jacobson: https://en.wikipedia.org/wiki/Howard_Jacobson
Hugh Conway: https://en.wikipedia.org/wiki/Hugh_Conway
Hugh Lofting: https://en.wikipedia.org/wiki/Hugh_Lofting
Hugh Sykes Davies: https://en.wikipedia.org/wiki/Hugh_Sykes_Davies
Hugh Walpole: https://en.wikipedia.org/wiki/Hugh_Walpole
I'm the King of the Castle: https://en.wikipedia.org/wiki/I%27m_the_King_of_the_Castle
I, Claudius: https://en.wikipedia.org/wiki/I,_Claudius
Ian Fleming: https://en.wikipedia.org/wiki/Ian_Fleming
Ian McEwan: https://en.wikipedia.org/wiki/Ian_McEwan
Ian Serraillier: https://en.wikipedia.org/wiki/Ian_Serraillier
Ice (Kavan novel): https://en.wikipedia.org/wiki/Ice_(Kavan_novel)
Indra Sinha: https://en.wikipedia.org/wiki/Indra_Sinha
Innocent Traitor: https://en.wikipedia.org/wiki/Innocent_Traitor
Inspector Morse: https://en.wikipedia.org/wiki/Inspector_Morse
Iris Murdoch: https://en.wikipedia.org/wiki/Iris_Murdoch
Isabella Banks: https://en.wikipedia.org/wiki/Isabella_Banks
Isabella Frances Romer: https://en.wikipedia.org/wiki/Isabella_Frances_Romer
Israel Zangwill: https://en.wikipedia.org/wiki/Israel_Zangwill
Ivy Compton-Burnett: https://en.wikipedia.org/wiki/Ivy_Compton-Burnett
J. A. Cuddon: https://en.wikipedia.org/wiki/J._A._Cuddon
J. B. Priestley: https://en.wikipedia.org/wiki/J._B._Priestley
J. D. Beresford: https://en.wikipedia.org/wiki/J._D._Beresford
J. E. Harold Terry: https://en.wikipedia.org/wiki/J._E._Harold_Terry
J. G. Ballard: https://en.wikipedia.org/wiki/J._G._Ballard
J. K. Rowling: https://en.wikipedia.org/wiki/J._K._Rowling
J. L. Carr: https://en.wikipedia.org/wiki/J._L._Carr
J. Meade Falkner: https://en.wikipedia.org/wiki/J._Meade_Falkner
J. R. Ackerley: https://en.wikipedia.org/wiki/J._R._Ackerley
J. R. R. Tolkien: https://en.wikipedia.org/wiki/J._R._R._Tolkien
J. T. Edson: https://en.wikipedia.org/wiki/J._T._Edson
Jack Higgins: https://en.wikipedia.org/wiki/Jack_Higgins
Jack Reacher (book series): https://en.wikipedia.org/wiki/Jack_Reacher_(book_series)
Jack Trevor Story: https://en.wikipedia.org/wiki/Jack_Trevor_Story
Jackie Collins: https://en.wikipedia.org/wiki/Jackie_Collins
James Bond: https://en.wikipedia.org/wiki/James_Bond
James Green (author): https://en.wikipedia.org/wiki/James_Green_(author)
James Hain Friswell: https://en.wikipedia.org/wiki/James_Hain_Friswell
James Hanley (novelist): https://en.wikipedia.org/wiki/James_Hanley_(novelist)
James Herbert: https://en.wikipedia.org/wiki/James_Herbert
James Hilton (novelist): https://en.wikipedia.org/wiki/James_Hilton_(novelist)
James Payn: https://en.wikipedia.org/wiki/James_Payn
James Runcie: https://en.wikipedia.org/wiki/James_Runcie
James Thackara: https://en.wikipedia.org/wiki/James_Thackara
James Whitworth: https://en.wikipedia.org/wiki/James_Whitworth
Jamila Gavin: https://en.wikipedia.org/wiki/Jamila_Gavin
Jane Aiken Hodge: https://en.wikipedia.org/wiki/Jane_Aiken_Hodge
Jane Austen: https://en.wikipedia.org/wiki/Jane_Austen
Jane C. Loudon: https://en.wikipedia.org/wiki/Jane_Wells_Webb_Loudon
Jane Ellen Panton: https://en.wikipedia.org/wiki/Jane_Ellen_Panton
Jane Eyre: https://en.wikipedia.org/wiki/Jane_Eyre
Jane Holland: https://en.wikipedia.org/wiki/Jane_Holland
Jane Lane (author): https://en.wikipedia.org/wiki/Jane_Lane_(author)
Jane Porter: https://en.wikipedia.org/wiki/Jane_Porter
Jane Sanderson: https://en.wikipedia.org/wiki/Jane_Sanderson
Jane West: https://en.wikipedia.org/wiki/Jane_West
Jane Yardley: https://en.wikipedia.org/wiki/Jane_Yardley
Janet Laurence (author): https://en.wikipedia.org/wiki/Janet_Laurence_(author)
Janice Elliott: https://en.wikipedia.org/wiki/Janice_Elliott
Jason Bradbury: https://en.wikipedia.org/wiki/Jason_Bradbury
Jason Goodwin: https://en.wikipedia.org/wiki/Jason_Goodwin
Jean Adamson: https://en.wikipedia.org/wiki/Jean_Adamson
Jean Ingelow: https://en.wikipedia.org/wiki/Jean_Ingelow
Jean Rhys: https://en.wikipedia.org/wiki/Jean_Rhys
Jeanette Winterson: https://en.wikipedia.org/wiki/Jeanette_Winterson
Jeeves: https://en.wikipedia.org/wiki/Jeeves
Jeffrey Archer: https://en.wikipedia.org/wiki/Jeffrey_Archer
Jennifer Dawson: https://en.wikipedia.org/wiki/Jennifer_Dawson
Jennings (novels): https://en.wikipedia.org/wiki/Jennings_(novel_series)
Jerome K. Jerome: https://en.wikipedia.org/wiki/Jerome_K._Jerome
Jessica Steele: https://en.wikipedia.org/wiki/Jessica_Steele
Jessie Burton: https://en.wikipedia.org/wiki/Jessie_Burton
Jill Paton Walsh: https://en.wikipedia.org/wiki/Jill_Paton_Walsh
Joan Aiken: https://en.wikipedia.org/wiki/Joan_Aiken
Joan Grant: https://en.wikipedia.org/wiki/Joan_Grant
Joanna Briscoe: https://en.wikipedia.org/wiki/Joanna_Briscoe
Joanna Cannan: https://en.wikipedia.org/wiki/Joanna_Cannan
Joanna Hines: https://en.wikipedia.org/wiki/Joanna_Hines
Joanna Kavenna: https://en.wikipedia.org/wiki/Joanna_Kavenna
Joanne Harris: https://en.wikipedia.org/wiki/Joanne_Harris
Joe Abercrombie: https://en.wikipedia.org/wiki/Joe_Abercrombie
John Bainbridge (author): https://en.wikipedia.org/wiki/John_Bainbridge_(author)
John Berger: https://en.wikipedia.org/wiki/John_Berger
John Blackburn (author): https://en.wikipedia.org/wiki/John_Blackburn_(author)
John Braine: https://en.wikipedia.org/wiki/John_Braine
John Bunyan: https://en.wikipedia.org/wiki/John_Bunyan
John Buxton Hilton: https://en.wikipedia.org/wiki/John_Buxton_Hilton
John Cordy Jeaffreson: https://en.wikipedia.org/wiki/John_Cordy_Jeaffreson
John Cowper Powys: https://en.wikipedia.org/wiki/John_Cowper_Powys
John Fowles: https://en.wikipedia.org/wiki/John_Fowles
John Galsworthy: https://en.wikipedia.org/wiki/John_Galsworthy
John Gardner (British writer): https://en.wikipedia.org/wiki/John_Gardner_(British_writer)
John George Edgar: https://en.wikipedia.org/wiki/John_George_Edgar
John Glasby: https://en.wikipedia.org/wiki/John_Glasby
John Gordon (author): https://en.wikipedia.org/wiki/John_Gordon_(author)
John Hampson (novelist): https://en.wikipedia.org/wiki/John_Hampson_(novelist)
John Hay Beith: https://en.wikipedia.org/wiki/John_Hay_Beith
John Henry Newman: https://en.wikipedia.org/wiki/John_Henry_Newman
John Inglesant: https://en.wikipedia.org/wiki/John_Inglesant
John Lanchester: https://en.wikipedia.org/wiki/John_Lanchester
John Lodwick: https://en.wikipedia.org/wiki/John_Lodwick
John Murray (novelist): https://en.wikipedia.org/wiki/John_Murray_(novelist)
John Needham's Double: https://en.wikipedia.org/wiki/John_Needham%27s_Double
John Oakman: https://en.wikipedia.org/wiki/John_Oakman
John Van der Kiste: https://en.wikipedia.org/wiki/John_Van_der_Kiste
John Wain: https://en.wikipedia.org/wiki/John_Wain
John Wyndham: https://en.wikipedia.org/wiki/John_Wyndham
John le Carré: https://en.wikipedia.org/wiki/John_le_Carr%C3%A9
Johnny Mackintosh: https://en.wikipedia.org/wiki/Johnny_Mackintosh
Jojo Moyes: https://en.wikipedia.org/wiki/Jojo_Moyes
Jon Haylett: https://en.wikipedia.org/wiki/Jon_Haylett
Jonathan Coe: https://en.wikipedia.org/wiki/Jonathan_Coe
Jonathan Smith (novelist): https://en.wikipedia.org/wiki/Jonathan_Smith_(novelist)
Jonathan Strange & Mr Norrell: https://en.wikipedia.org/wiki/Jonathan_Strange_%26_Mr_Norrell
Jonathan Swift: https://en.wikipedia.org/wiki/Jonathan_Swift
Joolz Denby: https://en.wikipedia.org/wiki/Joolz_Denby
Joseph Ashby-Sterry: https://en.wikipedia.org/wiki/Joseph_Ashby-Sterry
Joseph Conrad: https://en.wikipedia.org/wiki/Joseph_Conrad
Joseph Delaney: https://en.wikipedia.org/wiki/Joseph_Delaney
Joseph Hatton: https://en.wikipedia.org/wiki/Joseph_Hatton
Joseph Henry Shorthouse: https://en.wikipedia.org/wiki/Joseph_Henry_Shorthouse
Josephine Cox: https://en.wikipedia.org/wiki/Josephine_Cox
Josephine Elder: https://en.wikipedia.org/wiki/Josephine_Elder
Josephine Hart: https://en.wikipedia.org/wiki/Josephine_Hart
Joshua Barnes: https://en.wikipedia.org/wiki/Joshua_Barnes
Joss Sheldon: https://en.wikipedia.org/wiki/Joss_Sheldon
Journalist: https://en.wikipedia.org/wiki/Journalist
Judith Cook: https://en.wikipedia.org/wiki/Judith_Cook
Judith Kerr: https://en.wikipedia.org/wiki/Judith_Kerr
Judy Astley: https://en.wikipedia.org/wiki/Judy_Astley
Julia Blackburn: https://en.wikipedia.org/wiki/Julia_Blackburn
Julia Golding: https://en.wikipedia.org/wiki/Julia_Golding
Julian Barnes: https://en.wikipedia.org/wiki/Julian_Barnes
Julian Rathbone: https://en.wikipedia.org/wiki/Julian_Rathbone
Julian Stockwin: https://en.wikipedia.org/wiki/Julian_Stockwin
Julie Andrews: https://en.wikipedia.org/wiki/Julie_Andrews
Julie Myerson: https://en.wikipedia.org/wiki/Julie_Myerson
Just William: https://en.wikipedia.org/wiki/Just_William
Justin Hill (writer): https://en.wikipedia.org/wiki/Justin_Hill_(writer)
Kalila and Dimna: https://en.wikipedia.org/wiki/Kal%C4%ABla_wa-Dimna
Kate Atkinson (writer): https://en.wikipedia.org/wiki/Kate_Atkinson_(writer)
Kate Sedley: https://en.wikipedia.org/wiki/Kate_Sedley
Katharine Glasier: https://en.wikipedia.org/wiki/Katharine_Glasier
Katharine McMahon: https://en.wikipedia.org/wiki/Katharine_McMahon
Katie Flynn: https://en.wikipedia.org/wiki/Katie_Flynn
Kazuo Ishiguro: https://en.wikipedia.org/wiki/Kazuo_Ishiguro
Keith Mansfield (writer): https://en.wikipedia.org/wiki/Keith_Mansfield_(writer)
Keith Ovenden: https://en.wikipedia.org/wiki/Keith_Ovenden
Keith Waterhouse: https://en.wikipedia.org/wiki/Keith_Waterhouse
Kenneth Benton: https://en.wikipedia.org/wiki/Kenneth_Benton
Kia Abdullah: https://en.wikipedia.org/wiki/Kia_Abdullah
Kim (novel): https://en.wikipedia.org/wiki/Kim_(novel)
King Solomon's Carpet: https://en.wikipedia.org/wiki/King_Solomon%27s_Carpet
King Solomon's Mines: https://en.wikipedia.org/wiki/King_Solomon%27s_Mines
Kingsley Amis: https://en.wikipedia.org/wiki/Kingsley_Amis
L. P. Hartley: https://en.wikipedia.org/wiki/L._P._Hartley
Lady Amabel Kerr: https://en.wikipedia.org/wiki/Lady_Amabel_Kerr
Lady Angela Forbes: https://en.wikipedia.org/wiki/Lady_Angela_Forbes
Lady Audley's Secret: https://en.wikipedia.org/wiki/Lady_Audley%27s_Secret
Lady Chatterley's Lover: https://en.wikipedia.org/wiki/Lady_Chatterley%27s_Lover
Lassie Come-Home: https://en.wikipedia.org/wiki/Lassie_Come-Home
Last Orders: https://en.wikipedia.org/wiki/Last_Orders
Laurence Lerner: https://en.wikipedia.org/wiki/Laurence_Lerner
Laurence Sterne: https://en.wikipedia.org/wiki/Laurence_Sterne
Lawrence Norfolk: https://en.wikipedia.org/wiki/Lawrence_Norfolk
Lee Child: https://en.wikipedia.org/wiki/Lee_Child
Len Deighton: https://en.wikipedia.org/wiki/Len_Deighton
Lena Kennedy: https://en.wikipedia.org/wiki/Lena_Kennedy
Leo Myers: https://en.wikipedia.org/wiki/Leo_Myers
Leo Walmsley: https://en.wikipedia.org/wiki/Leo_Walmsley
Leonora Eyles: https://en.wikipedia.org/wiki/Leonora_Eyles
Lesley Glaister: https://en.wikipedia.org/wiki/Lesley_Glaister
Leslie Charteris: https://en.wikipedia.org/wiki/Leslie_Charteris
Letitia Elizabeth Landon: https://en.wikipedia.org/wiki/Letitia_Elizabeth_Landon
Lewis Carroll: https://en.wikipedia.org/wiki/Lewis_Carroll
Lillian Beckwith: https://en.wikipedia.org/wiki/Lillian_Beckwith
Lillian Spender: https://en.wikipedia.org/wiki/Lillian_Spender
Linda Grant: https://en.wikipedia.org/wiki/Linda_Grant
Lindsay Ashford: https://en.wikipedia.org/wiki/Lindsay_Ashford
Lindsey Davis: https://en.wikipedia.org/wiki/Lindsey_Davis
Lionel Britton: https://en.wikipedia.org/wiki/Lionel_Britton
Lionel Davidson: https://en.wikipedia.org/wiki/Lionel_Davidson
Lisa Appignanesi: https://en.wikipedia.org/wiki/Lisa_Appignanesi
Lisa St Aubin de Terán: https://en.wikipedia.org/wiki/Lisa_St_Aubin_de_Ter%C3%A1n
List of African novelists: https://en.wikipedia.org/wiki/List_of_African_novelists
List of American novelists: https://en.wikipedia.org/wiki/List_of_American_novelists
List of Australian novelists: https://en.wikipedia.org/wiki/List_of_Australian_novelists
List of English writers: https://en.wikipedia.org/wiki/List_of_English_writers
List of French novelists: https://en.wikipedia.org/wiki/List_of_French_novelists
List of Ghanaian novelists: https://en.wikipedia.org/wiki/List_of_Ghanaian_novelists
List of Irish novelists: https://en.wikipedia.org/wiki/List_of_Irish_novelists
List of Korean novelists: https://en.wikipedia.org/wiki/List_of_Korean_novelists
List of Nigerian novelists: https://en.wikipedia.org/wiki/List_of_Nigerian_novelists
List of Polish novelists: https://en.wikipedia.org/wiki/List_of_Polish_novelists
List of Portuguese novelists: https://en.wikipedia.org/wiki/List_of_Portuguese_novelists
List of Scottish novelists: https://en.wikipedia.org/wiki/List_of_Scottish_novelists
List of novelists: https://en.wikipedia.org/wiki/List_of_novelists_by_nationality
List of novelists by nationality: https://en.wikipedia.org/wiki/List_of_novelists_by_nationality
Liz Kessler: https://en.wikipedia.org/wiki/Liz_Kessler
Liza of Lambeth: https://en.wikipedia.org/wiki/Liza_of_Lambeth
Lizzie Dripping: https://en.wikipedia.org/wiki/Lizzie_Dripping
Lord Jim: https://en.wikipedia.org/wiki/Lord_Jim
Lord Peter Wimsey: https://en.wikipedia.org/wiki/Lord_Peter_Wimsey
Lord Ramage: https://en.wikipedia.org/wiki/Lord_Ramage
Lord of the Flies: https://en.wikipedia.org/wiki/Lord_of_the_Flies
Lorna Doone: https://en.wikipedia.org/wiki/Lorna_Doone
Lorna Hill: https://en.wikipedia.org/wiki/Lorna_Hill
Lost Horizon: https://en.wikipedia.org/wiki/Lost_Horizon
Louis Zangwill: https://en.wikipedia.org/wiki/Louis_Zangwill
Louis de Bernières: https://en.wikipedia.org/wiki/Louis_de_Berni%C3%A8res
Louisa Stanhope: https://en.wikipedia.org/wiki/Louisa_Stanhope
Louise Dean (author): https://en.wikipedia.org/wiki/Louise_Dean_(author)
Louise Doughty: https://en.wikipedia.org/wiki/Louise_Doughty
Louise Wener: https://en.wikipedia.org/wiki/Louise_Wener
Love on the Dole: https://en.wikipedia.org/wiki/Love_on_the_Dole
Lucky Jim: https://en.wikipedia.org/wiki/Lucky_Jim
Lucy Aikin: https://en.wikipedia.org/wiki/Lucy_Aikin
Lucy Clifford: https://en.wikipedia.org/wiki/Lucy_Clifford
Lynne Reid Banks: https://en.wikipedia.org/wiki/Lynne_Reid_Banks
Lynne Truss: https://en.wikipedia.org/wiki/Lynne_Truss
M. E. Atkinson: https://en.wikipedia.org/wiki/M._E._Atkinson
M. John Harrison: https://en.wikipedia.org/wiki/M._John_Harrison
M. M. Kaye: https://en.wikipedia.org/wiki/M._M._Kaye
M. R. James: https://en.wikipedia.org/wiki/M._R._James
Mabel Esther Allan: https://en.wikipedia.org/wiki/Mabel_Esther_Allan
Madame Doubtfire: https://en.wikipedia.org/wiki/Madame_Doubtfire
Maggie Gee (novelist): https://en.wikipedia.org/wiki/Maggie_Gee_(novelist)
Magical realism: https://en.wikipedia.org/wiki/Magic_realism
Magnus Mills: https://en.wikipedia.org/wiki/Magnus_Mills
Maidens' Trip: https://en.wikipedia.org/wiki/Maidens%27_Trip
Malcolm Bradbury: https://en.wikipedia.org/wiki/Malcolm_Bradbury
Man on Fire (Quinnell novel): https://en.wikipedia.org/wiki/Man_on_Fire_(Quinnell_novel)
Mapp and Lucia (series): https://en.wikipedia.org/wiki/Mapp_and_Lucia_(series)
Margaret Barber: https://en.wikipedia.org/wiki/Margaret_Barber
Margaret Cole: https://en.wikipedia.org/wiki/Margaret_Cole
Margaret Drabble: https://en.wikipedia.org/wiki/Margaret_Drabble
Margaret Forster: https://en.wikipedia.org/wiki/Margaret_Forster
Margaret Holford: https://en.wikipedia.org/wiki/Margaret_Holford
Margaret Jepson: https://en.wikipedia.org/wiki/Margaret_Jepson
Margaret Kennedy: https://en.wikipedia.org/wiki/Margaret_Kennedy
Margaret Louisa Woods: https://en.wikipedia.org/wiki/Margaret_Louisa_Woods
Margaret Murphy (writer): https://en.wikipedia.org/wiki/Margaret_Murphy_(writer)
Margaret Pedler: https://en.wikipedia.org/wiki/Margaret_Pedler
Margery Allingham: https://en.wikipedia.org/wiki/Margery_Allingham
Marguerite Florence Laura Jarvis: https://en.wikipedia.org/wiki/Marguerite_Florence_Laura_Jarvis
Maria Fetherstonhaugh: https://en.wikipedia.org/wiki/Maria_Fetherstonhaugh
Maria Jane Jewsbury: https://en.wikipedia.org/wiki/Maria_Jane_Jewsbury
Marianne Dreams: https://en.wikipedia.org/wiki/Marianne_Dreams
Marie Corelli: https://en.wikipedia.org/wiki/Marie_Corelli
Marina Lewycka: https://en.wikipedia.org/wiki/Marina_Lewycka
Marina Oliver: https://en.wikipedia.org/wiki/Marina_Oliver
Marion St John Webb: https://en.wikipedia.org/wiki/Marion_St_John_Webb
Marjorie Boulton: https://en.wikipedia.org/wiki/Marjorie_Boulton
Marjorie Bowen: https://en.wikipedia.org/wiki/Marjorie_Bowen
Mark Barrowcliffe: https://en.wikipedia.org/wiki/Mark_Barrowcliffe
Mark Billingham: https://en.wikipedia.org/wiki/Mark_Billingham
Mark Chadbourn: https://en.wikipedia.org/wiki/Mark_Chadbourn
Mark Haddon: https://en.wikipedia.org/wiki/Mark_Haddon
Martin Amis: https://en.wikipedia.org/wiki/Martin_Amis
Martin Armstrong (writer): https://en.wikipedia.org/wiki/Martin_Armstrong_(writer)
Martin Day (writer): https://en.wikipedia.org/wiki/Martin_Day_(writer)
Martin J. Goodman: https://en.wikipedia.org/wiki/Martin_J._Goodman
Martin Rowson: https://en.wikipedia.org/wiki/Martin_Rowson
Martin Woodhouse: https://en.wikipedia.org/wiki/Martin_Woodhouse
Mary Angela Dickens: https://en.wikipedia.org/wiki/Mary_Angela_Dickens
Mary Anna Needell: https://en.wikipedia.org/wiki/Mary_Anna_Needell
Mary Augusta Ward: https://en.wikipedia.org/wiki/Mary_Augusta_Ward
Mary Cholmondeley: https://en.wikipedia.org/wiki/Mary_Cholmondeley
Mary E. Mann: https://en.wikipedia.org/wiki/Mary_E._Mann
Mary Elizabeth Braddon: https://en.wikipedia.org/wiki/Mary_Elizabeth_Braddon
Mary Frances Dowdall: https://en.wikipedia.org/wiki/Mary_Frances_Dowdall
Mary Hays: https://en.wikipedia.org/wiki/Mary_Hays
Mary Linskill: https://en.wikipedia.org/wiki/Mary_Linskill
Mary Mackie: https://en.wikipedia.org/wiki/Mary_Mackie
Mary Norton (author): https://en.wikipedia.org/wiki/Mary_Norton_(author)
Mary Pilkington: https://en.wikipedia.org/wiki/Mary_Pilkington
Mary Plain: https://en.wikipedia.org/wiki/Mary_Plain
Mary Renault: https://en.wikipedia.org/wiki/Mary_Renault
Mary Russell Mitford: https://en.wikipedia.org/wiki/Mary_Russell_Mitford
Mary Shelley: https://en.wikipedia.org/wiki/Mary_Shelley
Mary Stewart (novelist): https://en.wikipedia.org/wiki/Mary_Stewart_(novelist)
Mary Webb: https://en.wikipedia.org/wiki/Mary_Webb
Mary Wesley: https://en.wikipedia.org/wiki/Mary_Wesley
Mary Wollstonecraft: https://en.wikipedia.org/wiki/Mary_Wollstonecraft
Matilda Betham-Edwards: https://en.wikipedia.org/wiki/Matilda_Betham-Edwards
Matt Haig: https://en.wikipedia.org/wiki/Matt_Haig
Matthew Baylis: https://en.wikipedia.org/wiki/Matthew_Baylis
Matthew Branton: https://en.wikipedia.org/wiki/Matthew_Branton
Matthew Kneale: https://en.wikipedia.org/wiki/Matthew_Kneale
Matthew Lewis (writer): https://en.wikipedia.org/wiki/Matthew_Gregory_Lewis
Maureen Duffy: https://en.wikipedia.org/wiki/Maureen_Duffy
Maurice Hewlett: https://en.wikipedia.org/wiki/Maurice_Hewlett
Mavis Cheek: https://en.wikipedia.org/wiki/Mavis_Cheek
Max Beerbohm: https://en.wikipedia.org/wiki/Max_Beerbohm
Maxwell Gray: https://en.wikipedia.org/wiki/Maxwell_Gray
May Edginton: https://en.wikipedia.org/wiki/May_Edginton
Meera Syal: https://en.wikipedia.org/wiki/Meera_Syal
Memoirs of Emma Courtney: https://en.wikipedia.org/wiki/Memoirs_of_Emma_Courtney
Mervyn Peake: https://en.wikipedia.org/wiki/Mervyn_Peake
Michael Arlen: https://en.wikipedia.org/wiki/Michael_Arlen
Michael Dibdin: https://en.wikipedia.org/wiki/Michael_Dibdin
Michael Frayn: https://en.wikipedia.org/wiki/Michael_Frayn
Michael Hardcastle: https://en.wikipedia.org/wiki/Michael_Hardcastle
Michael Jecks: https://en.wikipedia.org/wiki/Michael_Jecks
Michael Rosen: https://en.wikipedia.org/wiki/Michael_Rosen
Michael White (author): https://en.wikipedia.org/wiki/Michael_White_(author)
Michelle Paver: https://en.wikipedia.org/wiki/Michelle_Paver
Middlemarch: https://en.wikipedia.org/wiki/Middlemarch
Midnight's Children: https://en.wikipedia.org/wiki/Midnight%27s_Children
Mike Gayle: https://en.wikipedia.org/wiki/Mike_Gayle
Mil Millington: https://en.wikipedia.org/wiki/Mil_Millington
Miles Mander: https://en.wikipedia.org/wiki/Miles_Mander
Miles Tredinnick: https://en.wikipedia.org/wiki/Miles_Tredinnick
Millenium Hall: https://en.wikipedia.org/wiki/Millenium_Hall
Millicent Fawcett: https://en.wikipedia.org/wiki/Millicent_Fawcett
Miranda Seymour: https://en.wikipedia.org/wiki/Miranda_Seymour
Miriam Alexander: https://en.wikipedia.org/wiki/Miriam_Alexander
Miss Clare Remembers: https://en.wikipedia.org/wiki/Watermark_(Enya_album)
Miss Ranskill Comes Home: https://en.wikipedia.org/wiki/Miss_Ranskill_Comes_Home
Miss Read: https://en.wikipedia.org/wiki/Miss_Read
Mitchell Symons: https://en.wikipedia.org/wiki/Mitchell_Symons
Mona Caird: https://en.wikipedia.org/wiki/Mona_Caird
Monica Ali: https://en.wikipedia.org/wiki/Monica_Ali
Monica Dickens: https://en.wikipedia.org/wiki/Monica_Dickens
Monica Edwards: https://en.wikipedia.org/wiki/Monica_Edwards
Moon Tiger: https://en.wikipedia.org/wiki/Moon_Tiger
Moonfleet (novel): https://en.wikipedia.org/wiki/Moonfleet_(novel)
Mortimer Collins: https://en.wikipedia.org/wiki/Mortimer_Collins
Mr Midshipman Easy: https://en.wikipedia.org/wiki/Mr_Midshipman_Easy
Mr. Weston's Good Wine: https://en.wikipedia.org/wiki/Mr._Weston%27s_Good_Wine
Mrs Dalloway: https://en.wikipedia.org/wiki/Mrs_Dalloway
Mrs Henry de la Pasture: https://en.wikipedia.org/wiki/Mrs_Henry_de_la_Pasture
Mrs. Henry Clarke: https://en.wikipedia.org/wiki/Mrs._Henry_Clarke
Muriel Jaeger: https://en.wikipedia.org/wiki/Muriel_Jaeger
My Best Friend's Girl (novel): https://en.wikipedia.org/wiki/My_Best_Friend%27s_Girl_(novel)
My Legendary Girlfriend: https://en.wikipedia.org/wiki/My_Legendary_Girlfriend
Nancy Mitford: https://en.wikipedia.org/wiki/Nancy_Mitford
Naomi Alderman: https://en.wikipedia.org/wiki/Naomi_Alderman
Narinder Dhami: https://en.wikipedia.org/wiki/Narinder_Dhami
Neil Gaiman: https://en.wikipedia.org/wiki/Neil_Gaiman
Nell Dunn: https://en.wikipedia.org/wiki/Nell_Dunn
Nell Leyshon: https://en.wikipedia.org/wiki/Nell_Leyshon
Nevil Shute: https://en.wikipedia.org/wiki/Nevil_Shute
New Grub Street: https://en.wikipedia.org/wiki/New_Grub_Street
News from Nowhere: https://en.wikipedia.org/wiki/News_from_Nowhere
Nicholas Blincoe: https://en.wikipedia.org/wiki/Nicholas_Blincoe
Nicholas Evans: https://en.wikipedia.org/wiki/Nicholas_Evans
Nicholas Shakespeare: https://en.wikipedia.org/wiki/Nicholas_Shakespeare
Nick Hornby: https://en.wikipedia.org/wiki/Nick_Hornby
Nick Wallace: https://en.wikipedia.org/wiki/Nick_Wallace
Nicola Barker: https://en.wikipedia.org/wiki/Nicola_Barker
Nigel Dennis: https://en.wikipedia.org/wiki/Nigel_Dennis
Nigel Williams (author): https://en.wikipedia.org/wiki/Nigel_Williams_(author)
Nina Bawden: https://en.wikipedia.org/wiki/Nina_Bawden
Nirpal Singh Dhaliwal: https://en.wikipedia.org/wiki/Nirpal_Singh_Dhaliwal
Nona Bellairs: https://en.wikipedia.org/wiki/Nona_Bellairs
Norah Lofts: https://en.wikipedia.org/wiki/Norah_Lofts
Norman Douglas: https://en.wikipedia.org/wiki/Norman_Douglas
Novelist: https://en.wikipedia.org/wiki/Novelist
Nugent Barker: https://en.wikipedia.org/wiki/Nugent_Barker
Number9dream: https://en.wikipedia.org/wiki/Number9dream
Oliver Onions: https://en.wikipedia.org/wiki/Oliver_Onions
Olivia Laing: https://en.wikipedia.org/wiki/Olivia_Laing
Ouida: https://en.wikipedia.org/wiki/Ouida
Our Endless Numbered Days (novel): https://en.wikipedia.org/wiki/Our_Endless_Numbered_Days_(novel)
Our Village: https://en.wikipedia.org/wiki/Our_Village
Outline (novel): https://en.wikipedia.org/wiki/Outline_(novel)
P. C. Doherty: https://en.wikipedia.org/wiki/Paul_C._Doherty
P. D. James: https://en.wikipedia.org/wiki/P._D._James
P. G. Wodehouse: https://en.wikipedia.org/wiki/P._G._Wodehouse
P. H. Newby: https://en.wikipedia.org/wiki/P._H._Newby
P. J. Kavanagh: https://en.wikipedia.org/wiki/P._J._Kavanagh
Paige Toon: https://en.wikipedia.org/wiki/Paige_Toon
Pam Rhodes: https://en.wikipedia.org/wiki/Pam_Rhodes
Pamela; or, Virtue Rewarded: https://en.wikipedia.org/wiki/Pamela;_or,_Virtue_Rewarded
Pat Arrowsmith: https://en.wikipedia.org/wiki/Pat_Arrowsmith
Pat Barker: https://en.wikipedia.org/wiki/Pat_Barker
Pat Barr (writer): https://en.wikipedia.org/wiki/Pat_Barr_(writer)
Patience Wheatcroft: https://en.wikipedia.org/wiki/Patience_Wheatcroft,_Baroness_Wheatcroft
Patrick Hamilton (writer): https://en.wikipedia.org/wiki/Patrick_Hamilton_(writer)
Patrick O'Brian: https://en.wikipedia.org/wiki/Patrick_O%27Brian
Paul Ableman: https://en.wikipedia.org/wiki/Paul_Ableman
Paul Adam (English novelist): https://en.wikipedia.org/wiki/Paul_Adam_(English_novelist)
Paul Magrs: https://en.wikipedia.org/wiki/Paul_Magrs
Paul Mendelson (novelist): https://en.wikipedia.org/wiki/Paul_Mendelson_(novelist)
Paul Scott (novelist): https://en.wikipedia.org/wiki/Paul_Scott_(novelist)
Paula Brackston: https://en.wikipedia.org/wiki/Paula_Brackston
Pauline von Hügel: https://en.wikipedia.org/wiki/Pauline_von_H%C3%BCgel
Penelope Aubin: https://en.wikipedia.org/wiki/Penelope_Aubin
Penelope Fitzgerald: https://en.wikipedia.org/wiki/Penelope_Fitzgerald
Penelope Lively: https://en.wikipedia.org/wiki/Penelope_Lively
Penelope Mortimer: https://en.wikipedia.org/wiki/Penelope_Mortimer
Penny Dale (writer): https://en.wikipedia.org/wiki/Penny_Dale
Penny Jordan: https://en.wikipedia.org/wiki/Penny_Jordan
Peter Ackroyd: https://en.wikipedia.org/wiki/Peter_Ackroyd
Peter Dickinson: https://en.wikipedia.org/wiki/Peter_Dickinson
Peter Fleming (writer): https://en.wikipedia.org/wiki/Peter_Fleming_(writer)
Peter Ho Davies: https://en.wikipedia.org/wiki/Peter_Ho_Davies
Peter Robinson (novelist): https://en.wikipedia.org/wiki/Peter_Robinson_(novelist)
Peter Tinniswood: https://en.wikipedia.org/wiki/Peter_Tinniswood
Peter Wildeblood: https://en.wikipedia.org/wiki/Peter_Wildeblood
Philip Ardagh: https://en.wikipedia.org/wiki/Philip_Ardagh
Philip E. High: https://en.wikipedia.org/wiki/Philip_E._High
Philip Gross: https://en.wikipedia.org/wiki/Philip_Gross
Philip Hensher: https://en.wikipedia.org/wiki/Philip_Hensher
Philip Kerr: https://en.wikipedia.org/wiki/Philip_Kerr
Philip Meadows Taylor: https://en.wikipedia.org/wiki/Philip_Meadows_Taylor
Philip Norman (author): https://en.wikipedia.org/wiki/Philip_Norman_(author)
Philip Pullman: https://en.wikipedia.org/wiki/Philip_Pullman
Philip Turner (writer): https://en.wikipedia.org/wiki/Philip_Turner_(writer)
Philippa Gregory: https://en.wikipedia.org/wiki/Philippa_Gregory
Philippa Pearce: https://en.wikipedia.org/wiki/Philippa_Pearce
Phyllis Bentley: https://en.wikipedia.org/wiki/Phyllis_Bentley
Pigeon English: https://en.wikipedia.org/wiki/Pigeon_English
Poppy Adams: https://en.wikipedia.org/wiki/Poppy_Adams
Possession (Byatt novel): https://en.wikipedia.org/wiki/Possession_(Byatt_novel)
Postcards from No Man's Land: https://en.wikipedia.org/wiki/Postcards_from_No_Man%27s_Land
Precious Bane: https://en.wikipedia.org/wiki/Precious_Bane
Pride and Prejudice: https://en.wikipedia.org/wiki/Pride_and_Prejudice
R. D. Blackmore: https://en.wikipedia.org/wiki/R._D._Blackmore
R. D. Wingfield: https://en.wikipedia.org/wiki/R._D._Wingfield
R. F. Delderfield: https://en.wikipedia.org/wiki/R._F._Delderfield
R. V. Vernède: https://en.wikipedia.org/wiki/R._V._Vern%C3%A8de
Rachel Cusk: https://en.wikipedia.org/wiki/Rachel_Cusk
Rae Earl: https://en.wikipedia.org/wiki/Rae_Earl
Ralph Hale Mottram: https://en.wikipedia.org/wiki/Ralph_Hale_Mottram
Ralph Izzard: https://en.wikipedia.org/wiki/Ralph_Izzard
Ramsay Wood: https://en.wikipedia.org/wiki/Ramsay_Wood
Randolph Stow: https://en.wikipedia.org/wiki/Randolph_Stow
Ray Robinson (British novelist): https://en.wikipedia.org/wiki/Ray_Robinson_(novelist)
Raymond Postgate: https://en.wikipedia.org/wiki/Raymond_Postgate
Rebecca (novel): https://en.wikipedia.org/wiki/Rebecca_(novel)
Rebecca West: https://en.wikipedia.org/wiki/Rebecca_West
Red Pottage (novel): https://en.wikipedia.org/wiki/Red_Pottage_(novel)
Redwall: https://en.wikipedia.org/wiki/Redwall
Regeneration Trilogy: https://en.wikipedia.org/wiki/Regeneration_Trilogy
Regina Maria Roche: https://en.wikipedia.org/wiki/Regina_Maria_Roche
Reginald Arkell: https://en.wikipedia.org/wiki/Reginald_Arkell
Reginald Hill: https://en.wikipedia.org/wiki/Reginald_Hill
Rex Warner: https://en.wikipedia.org/wiki/Rex_Warner
Richard Adams: https://en.wikipedia.org/wiki/Richard_Adams
Richard Aldington: https://en.wikipedia.org/wiki/Richard_Aldington
Richard Armstrong (author): https://en.wikipedia.org/wiki/Richard_Armstrong_(author)
Richard Cobbold: https://en.wikipedia.org/wiki/Richard_Cobbold
Richard Francis Burton: https://en.wikipedia.org/wiki/Richard_Francis_Burton
Richard Graves: https://en.wikipedia.org/wiki/Richard_Graves
Richard Hughes (British writer): https://en.wikipedia.org/wiki/Richard_Hughes_(British_writer)
Richard Llewellyn: https://en.wikipedia.org/wiki/Richard_Llewellyn
Richard Milward: https://en.wikipedia.org/wiki/Richard_Milward
Richard Sharpe (fictional character): https://en.wikipedia.org/wiki/Sharpe_(novel_series)
Richard Whiteing: https://en.wikipedia.org/wiki/Richard_Whiteing
Richard Woodman: https://en.wikipedia.org/wiki/Richard_Woodman
Richard: A Novel: https://en.wikipedia.org/wiki/Richard:_A_Novel
Richmal Crompton: https://en.wikipedia.org/wiki/Richmal_Crompton
River Boy: https://en.wikipedia.org/wiki/River_Boy
Roald Dahl: https://en.wikipedia.org/wiki/Roald_Dahl
Robert Aickman: https://en.wikipedia.org/wiki/Robert_Aickman
Robert Bage: https://en.wikipedia.org/wiki/Robert_Bage
Robert Black (author): https://en.wikipedia.org/wiki/Robert_Black_(author)
Robert Edric: https://en.wikipedia.org/wiki/Robert_Edric
Robert Goddard (novelist): https://en.wikipedia.org/wiki/Robert_Goddard_(novelist)
Robert Graves: https://en.wikipedia.org/wiki/Robert_Graves
Robert Harris (novelist): https://en.wikipedia.org/wiki/Robert_Harris_(novelist)
Robert Hichens (writer): https://en.wikipedia.org/wiki/Robert_Hichens_(writer)
Robert Nye: https://en.wikipedia.org/wiki/Robert_Nye
Robert Westall: https://en.wikipedia.org/wiki/Robert_Westall
Robin Jarvis: https://en.wikipedia.org/wiki/Robin_Jarvis
Robina Williams: https://en.wikipedia.org/wiki/Robina_Williams
Robinson Crusoe: https://en.wikipedia.org/wiki/Robinson_Crusoe
Robyn Young: https://en.wikipedia.org/wiki/Robyn_Young
Roger Jon Ellory: https://en.wikipedia.org/wiki/R._J._Ellory
Ronald Firbank: https://en.wikipedia.org/wiki/Ronald_Firbank
Ronald Welch: https://en.wikipedia.org/wiki/Ronald_Welch
Rookwood (novel): https://en.wikipedia.org/wiki/Rookwood_(novel)
Room at the Top (novel): https://en.wikipedia.org/wiki/Room_at_the_Top_(novel)
Ros Barber: https://en.wikipedia.org/wiki/Ros_Barber
Rosa Nouchette Carey: https://en.wikipedia.org/wiki/Rosa_Nouchette_Carey
Rose Macaulay: https://en.wikipedia.org/wiki/Rose_Macaulay
Rose Tremain: https://en.wikipedia.org/wiki/Rose_Tremain
Rosemary Hawley Jarman: https://en.wikipedia.org/wiki/Rosemary_Hawley_Jarman
Rosemary Sutcliff: https://en.wikipedia.org/wiki/Rosemary_Sutcliff
Rosina Bulwer Lytton: https://en.wikipedia.org/wiki/Rosina_Bulwer_Lytton
Rosita Forbes: https://en.wikipedia.org/wiki/Rosita_Forbes
Roy Horniman: https://en.wikipedia.org/wiki/Roy_Horniman
Royston Ellis: https://en.wikipedia.org/wiki/Royston_Ellis
Rudyard Kipling: https://en.wikipedia.org/wiki/Rudyard_Kipling
Rumer Godden: https://en.wikipedia.org/wiki/Rumer_Godden
Russell Mardell: https://en.wikipedia.org/wiki/Russell_Mardell
Ruth Adam: https://en.wikipedia.org/wiki/Ruth_Adam
Ruth Ainsworth: https://en.wikipedia.org/wiki/Ruth_Ainsworth
Ruth Dugdall: https://en.wikipedia.org/wiki/Ruth_Dugdall
Ruth Rendell: https://en.wikipedia.org/wiki/Ruth_Rendell
S. E. Lister: https://en.wikipedia.org/wiki/S._E._Lister
S. Fowler Wright: https://en.wikipedia.org/wiki/S._Fowler_Wright
Sabine Baring-Gould: https://en.wikipedia.org/wiki/Sabine_Baring-Gould
Sacred Hunger: https://en.wikipedia.org/wiki/Sacred_Hunger
Saffy's Angel: https://en.wikipedia.org/wiki/Saffy%27s_Angel
Saki: https://en.wikipedia.org/wiki/Saki
Salley Vickers: https://en.wikipedia.org/wiki/Salley_Vickers
Sally Emerson: https://en.wikipedia.org/wiki/Sally_Emerson
Salman Rushdie: https://en.wikipedia.org/wiki/Salman_Rushdie
Sam Angus (writer): https://en.wikipedia.org/wiki/Sam_Angus_(writer)
Sam Enthoven: https://en.wikipedia.org/wiki/The_Black_Tattoo
Sam Osman: https://en.wikipedia.org/wiki/Sam_Osman
Samantha Weinberg: https://en.wikipedia.org/wiki/Samantha_Weinberg
Samuel Butler (novelist): https://en.wikipedia.org/wiki/Samuel_Butler_(novelist)
Samuel Richardson: https://en.wikipedia.org/wiki/Samuel_Richardson
Sarah Burney: https://en.wikipedia.org/wiki/Sarah_Burney
Sarah Doudney: https://en.wikipedia.org/wiki/Sarah_Doudney
Sarah Dunant: https://en.wikipedia.org/wiki/Sarah_Dunant
Sarah Fielding: https://en.wikipedia.org/wiki/Sarah_Fielding
Sarah Hall (writer): https://en.wikipedia.org/wiki/Sarah_Hall_(writer)
Sarah Harrison (novelist): https://en.wikipedia.org/wiki/Sarah_Harrison_(novelist)
Sarah Holland: https://en.wikipedia.org/wiki/Sarah_Holland
Sarah Perry: https://en.wikipedia.org/wiki/Sarah_Perry
Sarah Pinborough: https://en.wikipedia.org/wiki/Sarah_Pinborough
Sarah Pitt: https://en.wikipedia.org/wiki/Sarah_Pitt
Sarah Scott: https://en.wikipedia.org/wiki/Sarah_Scott
Sarah Singleton: https://en.wikipedia.org/wiki/Sarah_Singleton
Sarah Trimmer: https://en.wikipedia.org/wiki/Sarah_Trimmer
Sarah Ward (novelist): https://en.wikipedia.org/wiki/Sarah_Ward_(novelist)
Sarum (novel): https://en.wikipedia.org/wiki/Sarum_(novel)
Saturday Night and Sunday Morning: https://en.wikipedia.org/wiki/Saturday_Night_and_Sunday_Morning
Saville: https://en.wikipedia.org/wiki/Saville
Sax Rohmer: https://en.wikipedia.org/wiki/Sax_Rohmer
Sea Change (Armstrong novel): https://en.wikipedia.org/wiki/Sea_Change_(Armstrong_novel)
Sebastian Faulks: https://en.wikipedia.org/wiki/Sebastian_Faulks
Second Class Citizen (book): https://en.wikipedia.org/wiki/Second_Class_Citizen_(novel)
Selina Davenport: https://en.wikipedia.org/wiki/Selina_Davenport
Selwyn Jepson: https://en.wikipedia.org/wiki/Selwyn_Jepson
Serena Mackesy: https://en.wikipedia.org/wiki/Serena_Mackesy
Shadowmancer: https://en.wikipedia.org/wiki/Shadowmancer
Sheelagh Kelly: https://en.wikipedia.org/wiki/Sheelagh_Kelly
Sheena Porter: https://en.wikipedia.org/wiki/Sheena_Porter
Sheila Walsh (novelist): https://en.wikipedia.org/wiki/Sheila_Walsh_(novelist)
Sherard Vines: https://en.wikipedia.org/wiki/Sherard_Vines
Shirley Brooks: https://en.wikipedia.org/wiki/Shirley_Brooks
Shiva Naipaul: https://en.wikipedia.org/wiki/Shiva_Naipaul
Silver fork novel: https://en.wikipedia.org/wiki/Fashionable_novel
Simon Armitage: https://en.wikipedia.org/wiki/Simon_Armitage
Simon Brett: https://en.wikipedia.org/wiki/Simon_Brett
Simon Hall (writer): https://en.wikipedia.org/wiki/Simon_Hall_(writer)
Simon Ings: https://en.wikipedia.org/wiki/Simon_Ings
Simon Scarrow: https://en.wikipedia.org/wiki/Simon_Scarrow
Siobhan Dowd: https://en.wikipedia.org/wiki/Siobhan_Dowd
Some Kind of Fairy Tale: https://en.wikipedia.org/wiki/Some_Kind_of_Fairy_Tale
Somerset de Chair: https://en.wikipedia.org/wiki/Somerset_de_Chair
Something Might Happen: https://en.wikipedia.org/wiki/Something_Might_Happen
Something to Answer For: https://en.wikipedia.org/wiki/Something_to_Answer_For
Sophia Briscoe: https://en.wikipedia.org/wiki/Sophia_Briscoe
Sophie Dora Spicer Maude: https://en.wikipedia.org/wiki/Sophie_Dora_Spicer_Maude
Sorrell and Son (novel): https://en.wikipedia.org/wiki/Sorrell_and_Son_(novel)
South Riding (novel): https://en.wikipedia.org/wiki/South_Riding_(novel)
South Wind (novel): https://en.wikipedia.org/wiki/South_Wind_(novel)
Stan Barstow: https://en.wikipedia.org/wiki/Stan_Barstow
Stanley J. Weyman: https://en.wikipedia.org/wiki/Stanley_J._Weyman
Stanley Middleton: https://en.wikipedia.org/wiki/Stanley_Middleton
Stardust (Gaiman novel): https://en.wikipedia.org/wiki/Stardust_(Gaiman_novel)
Stark (novel): https://en.wikipedia.org/wiki/Stark_(novel)
Stel Pavlou: https://en.wikipedia.org/wiki/Stel_Pavlou
Stella Gibbons: https://en.wikipedia.org/wiki/Stella_Gibbons
Stella Tillyard: https://en.wikipedia.org/wiki/Stella_Tillyard
Stephanie Theobald: https://en.wikipedia.org/wiki/Stephanie_Theobald
Stephen Booth (writer): https://en.wikipedia.org/wiki/Stephen_Booth_(writer)
Stephen Elboz: https://en.wikipedia.org/wiki/Stephen_Elboz
Stephen Fry: https://en.wikipedia.org/wiki/Stephen_Fry
Stephen Kelman: https://en.wikipedia.org/wiki/Stephen_Kelman
Stephen Marley (writer): https://en.wikipedia.org/wiki/Stephen_Marley_(writer)
Stephen Southwold: https://en.wikipedia.org/wiki/Stephen_Southwold
Stephen Spender: https://en.wikipedia.org/wiki/Stephen_Spender
Steve Augarde: https://en.wikipedia.org/wiki/Steve_Augarde
Steven Savile: https://en.wikipedia.org/wiki/Steven_Savile
Stevie Smith: https://en.wikipedia.org/wiki/Stevie_Smith
Stewart Home: https://en.wikipedia.org/wiki/Stewart_Home
Storm Constantine: https://en.wikipedia.org/wiki/Storm_Constantine
Strangers and Brothers: https://en.wikipedia.org/wiki/Strangers_and_Brothers
Stuart Evers: https://en.wikipedia.org/wiki/Stuart_Evers
Sue Townsend: https://en.wikipedia.org/wiki/Sue_Townsend
Sunset Over Chocolate Mountains: https://en.wikipedia.org/wiki/Sunset_Over_Chocolate_Mountains
Susan Edmonstone Ferrier: https://en.wikipedia.org/wiki/Susan_Edmonstone_Ferrier
Susan Elderkin: https://en.wikipedia.org/wiki/Susan_Elderkin
Susan Ertz: https://en.wikipedia.org/wiki/Susan_Ertz
Susan Hill: https://en.wikipedia.org/wiki/Susan_Hill
Susanna Clarke: https://en.wikipedia.org/wiki/Susanna_Clarke
Susannah Gunning: https://en.wikipedia.org/wiki/Susannah_Gunning
Suzanne Francis: https://en.wikipedia.org/wiki/Suzanne_Francis
Swallows and Amazons: https://en.wikipedia.org/wiki/Swallows_and_Amazons
Swimming Home: https://en.wikipedia.org/wiki/Swimming_Home
Sydney Horler: https://en.wikipedia.org/wiki/Sydney_Horler
T. F. Powys: https://en.wikipedia.org/wiki/T._F._Powys
T. H. White: https://en.wikipedia.org/wiki/T._H._White
Tamar Yellin: https://en.wikipedia.org/wiki/Tamar_Yellin
Tarka the Otter: https://en.wikipedia.org/wiki/Tarka_the_Otter
Tash Aw: https://en.wikipedia.org/wiki/Tash_Aw
Ted Lewis (writer): https://en.wikipedia.org/wiki/Ted_Lewis_(writer)
Ted Willis: https://en.wikipedia.org/wiki/Ted_Willis,_Baron_Willis
Template:Lists of novelists by nationality: https://en.wikipedia.org/wiki/Template:Lists_of_novelists_by_nationality
Terry Pratchett: https://en.wikipedia.org/wiki/Terry_Pratchett
The Adventures of Mr. Verdant Green: https://en.wikipedia.org/wiki/The_Adventures_of_Mr._Verdant_Green
The Beach (novel): https://en.wikipedia.org/wiki/The_Beach_(novel)
The Beloved Vagabond (novel): https://en.wikipedia.org/wiki/The_Beloved_Vagabond_(novel)
The Birth of Love: https://en.wikipedia.org/wiki/The_Birth_of_Love
The Blue Flower: https://en.wikipedia.org/wiki/The_Blue_Flower
The Borrowers: https://en.wikipedia.org/wiki/The_Borrowers
The Bottle Factory Outing: https://en.wikipedia.org/wiki/The_Bottle_Factory_Outing
The Buddha of Suburbia (novel): https://en.wikipedia.org/wiki/The_Buddha_of_Suburbia_(novel)
The Cadfael Chronicles: https://en.wikipedia.org/wiki/The_Cadfael_Chronicles
The Children's Crusade: https://en.wikipedia.org/wiki/Children%27s_Crusade
The Chip-Chip Gatherers: https://en.wikipedia.org/wiki/The_Chip-Chip_Gatherers
The Chronicles of Narnia: https://en.wikipedia.org/wiki/The_Chronicles_of_Narnia
The Cinder Path: https://en.wikipedia.org/wiki/The_Cinder_Path
The Cloister and the Hearth: https://en.wikipedia.org/wiki/The_Cloister_and_the_Hearth
The Constant Nymph (novel): https://en.wikipedia.org/wiki/The_Constant_Nymph_(novel)
The Crime at Black Dudley: https://en.wikipedia.org/wiki/The_Crime_at_Black_Dudley
The Curious Incident of the Dog in the Night-Time: https://en.wikipedia.org/wiki/The_Curious_Incident_of_the_Dog_in_the_Night-Time
The Dancer Upstairs: https://en.wikipedia.org/wiki/The_Dancer_Upstairs
The Dark Circle: https://en.wikipedia.org/wiki/The_Dark_Circle
The Darling Buds of May (novel): https://en.wikipedia.org/wiki/The_Darling_Buds_of_May_(novel)
The Day of the Jackal: https://en.wikipedia.org/wiki/The_Day_of_the_Jackal
The Day of the Triffids: https://en.wikipedia.org/wiki/The_Day_of_the_Triffids
The Devil Rides Out: https://en.wikipedia.org/wiki/The_Devil_Rides_Out
The Diamond of Drury Lane: https://en.wikipedia.org/wiki/The_Diamond_of_Drury_Lane
The Eagle of the Ninth: https://en.wikipedia.org/wiki/The_Eagle_of_the_Ninth
The Essex Serpent: https://en.wikipedia.org/wiki/The_Essex_Serpent
The Famished Road: https://en.wikipedia.org/wiki/The_Famished_Road
The Far Pavilions: https://en.wikipedia.org/wiki/The_Far_Pavilions
The Field of the Cloth of Gold: https://en.wikipedia.org/wiki/Field_of_the_Cloth_of_Gold
The Finkler Question: https://en.wikipedia.org/wiki/The_Finkler_Question
The Forsyte Saga: https://en.wikipedia.org/wiki/The_Forsyte_Saga
The Four Feathers: https://en.wikipedia.org/wiki/The_Four_Feathers
The French Lieutenant's Woman: https://en.wikipedia.org/wiki/The_French_Lieutenant%27s_Woman
The Girl at the Lion d'Or: https://en.wikipedia.org/wiki/The_Girl_at_the_Lion_d%27Or
The Glittering Prizes: https://en.wikipedia.org/wiki/The_Glittering_Prizes
The Go-Between: https://en.wikipedia.org/wiki/The_Go-Between
The Good Companions: https://en.wikipedia.org/wiki/The_Good_Companions
The Good Soldier: https://en.wikipedia.org/wiki/The_Good_Soldier
The Governess, or The Little Female Academy: https://en.wikipedia.org/wiki/The_Governess;_or,_The_Little_Female_Academy
The Grantchester Mysteries: https://en.wikipedia.org/wiki/The_Grantchester_Mysteries
The Grass Is Singing: https://en.wikipedia.org/wiki/The_Grass_Is_Singing
The Green Carnation: https://en.wikipedia.org/wiki/The_Green_Carnation
The Heir of Redclyffe: https://en.wikipedia.org/wiki/The_Heir_of_Redclyffe
The History Man: https://en.wikipedia.org/wiki/The_History_Man
The History of David Grieve: https://en.wikipedia.org/wiki/The_History_of_David_Grieve
The History of Tom Jones, a Foundling: https://en.wikipedia.org/wiki/The_History_of_Tom_Jones,_a_Foundling
The Hitchhiker's Guide to the Galaxy: https://en.wikipedia.org/wiki/The_Hitchhiker%27s_Guide_to_the_Galaxy
The House That Berry Built: https://en.wikipedia.org/wiki/The_House_That_Berry_Built
The Hundred and One Dalmatians: https://en.wikipedia.org/wiki/The_Hundred_and_One_Dalmatians
The IPCRESS File: https://en.wikipedia.org/wiki/The_IPCRESS_File
The Janissary Tree: https://en.wikipedia.org/wiki/The_Janissary_Tree
The L-Shaped Room: https://en.wikipedia.org/wiki/The_L-Shaped_Room
The Lady of the Barge: https://en.wikipedia.org/wiki/The_Lady_of_the_Barge
The Last Days of Pompeii: https://en.wikipedia.org/wiki/The_Last_Days_of_Pompeii
The Life and Loves of a She-Devil: https://en.wikipedia.org/wiki/The_Life_and_Loves_of_a_She-Devil
The Life and Opinions of Tristram Shandy, Gentleman: https://en.wikipedia.org/wiki/The_Life_and_Opinions_of_Tristram_Shandy,_Gentleman
The Line of Beauty: https://en.wikipedia.org/wiki/The_Line_of_Beauty
The Little Lame Prince and his Travelling Cloak: https://en.wikipedia.org/wiki/The_Little_Lame_Prince_and_his_Travelling_Cloak
The Lord of the Rings: https://en.wikipedia.org/wiki/The_Lord_of_the_Rings
The Machine Gunners: https://en.wikipedia.org/wiki/The_Machine_Gunners
The Manchester Man (novel): https://en.wikipedia.org/wiki/The_Manchester_Man_(novel)
The Many (novel): https://en.wikipedia.org/wiki/The_Many_(novel)
The Monk: https://en.wikipedia.org/wiki/The_Monk
The Moon Riders: https://en.wikipedia.org/wiki/The_Moon_Riders
The Moonstone: https://en.wikipedia.org/wiki/The_Moonstone
The Mysteries of Udolpho: https://en.wikipedia.org/wiki/The_Mysteries_of_Udolpho
The Mysterious Affair at Styles: https://en.wikipedia.org/wiki/The_Mysterious_Affair_at_Styles
The Notting Hill Mystery: https://en.wikipedia.org/wiki/The_Notting_Hill_Mystery
The Old English Baron: https://en.wikipedia.org/wiki/The_Old_English_Baron
The Oracle (novel): https://en.wikipedia.org/wiki/The_Oracle_(novel)
The Ordeal of Richard Feverel: https://en.wikipedia.org/wiki/The_Ordeal_of_Richard_Feverel
The Pickwick Papers: https://en.wikipedia.org/wiki/The_Pickwick_Papers
The Pilgrim's Progress: https://en.wikipedia.org/wiki/The_Pilgrim%27s_Progress
The Poisoned Chocolates Case: https://en.wikipedia.org/wiki/The_Poisoned_Chocolates_Case
The Power (2016 novel): https://en.wikipedia.org/wiki/The_Power_(Alderman_novel)
The Prisoner of Zenda: https://en.wikipedia.org/wiki/The_Prisoner_of_Zenda
The Pumpkin Eater: https://en.wikipedia.org/wiki/The_Pumpkin_Eater
The Pursuit of Love: https://en.wikipedia.org/wiki/The_Pursuit_of_Love
The Raj Quartet: https://en.wikipedia.org/wiki/The_Raj_Quartet
The Red House Mystery: https://en.wikipedia.org/wiki/The_Red_House_Mystery
The Remains of the Day: https://en.wikipedia.org/wiki/The_Remains_of_the_Day
The Romany Rye: https://en.wikipedia.org/wiki/The_Romany_Rye
The Scarlet Pimpernel: https://en.wikipedia.org/wiki/The_Scarlet_Pimpernel
The Scottish Chiefs: https://en.wikipedia.org/wiki/Jane_Porter
The Secret Garden: https://en.wikipedia.org/wiki/The_Secret_Garden
The Sheep-Pig: https://en.wikipedia.org/wiki/The_Sheep-Pig
The Siege: https://en.wikipedia.org/wiki/The_Siege
The Silver Sword: https://en.wikipedia.org/wiki/The_Silver_Sword
The Spy Who Came in from the Cold: https://en.wikipedia.org/wiki/The_Spy_Who_Came_in_from_the_Cold
The Story of a Modern Woman: https://en.wikipedia.org/wiki/The_Story_of_a_Modern_Woman
The Sword in the Stone (novel): https://en.wikipedia.org/wiki/The_Sword_in_the_Stone_(novel)
The Tenant of Wildfell Hall: https://en.wikipedia.org/wiki/The_Tenant_of_Wildfell_Hall
The Thirteenth Tale (novel): https://en.wikipedia.org/wiki/The_Thirteenth_Tale
The Time Machine: https://en.wikipedia.org/wiki/The_Time_Machine
The Towers of Trebizond: https://en.wikipedia.org/wiki/The_Towers_of_Trebizond
The Turbulent Term of Tyke Tiler: https://en.wikipedia.org/wiki/The_Turbulent_Term_of_Tyke_Tiler
The Turn of the Screw: https://en.wikipedia.org/wiki/The_Turn_of_the_Screw
The Wallypug of Why: https://en.wikipedia.org/wiki/The_Wallypug_of_Why
The War Zone: https://en.wikipedia.org/wiki/The_War_Zone
The Whitby Witches: https://en.wikipedia.org/wiki/The_Whitby_Witches
The Witches and the Grinnygog: https://en.wikipedia.org/wiki/The_Witches_and_the_Grinnygog
The Wolves of Willoughby Chase: https://en.wikipedia.org/wiki/The_Wolves_of_Willoughby_Chase
The Wool-Pack: https://en.wikipedia.org/wiki/The_Wool-Pack
The Young Visiters: https://en.wikipedia.org/wiki/The_Young_Visiters
Theresa Tomlinson: https://en.wikipedia.org/wiki/Theresa_Tomlinson
Things as They Are; or, The Adventures of Caleb Williams: https://en.wikipedia.org/wiki/Things_as_They_Are;_or,_The_Adventures_of_Caleb_Williams
Thinks ...: https://en.wikipedia.org/wiki/Thinks_...
Thomas Deloney: https://en.wikipedia.org/wiki/Thomas_Deloney
Thomas Doubleday: https://en.wikipedia.org/wiki/Thomas_Doubleday
Thomas F. Tweed: https://en.wikipedia.org/wiki/Thomas_F._Tweed
Thomas Hardy: https://en.wikipedia.org/wiki/Thomas_Hardy
Thomas Henry Lister: https://en.wikipedia.org/wiki/Thomas_Henry_Lister
Thomas Hinde (novelist): https://en.wikipedia.org/wiki/Thomas_Hinde_(novelist)
Thomas Hope (1769–1831): https://en.wikipedia.org/wiki/Thomas_Hope_(banker,_born_1769)
Thomas Hughes: https://en.wikipedia.org/wiki/Thomas_Hughes
Thomas Love Peacock: https://en.wikipedia.org/wiki/Thomas_Love_Peacock
Thomas Miller (poet): https://en.wikipedia.org/wiki/Thomas_Miller_(poet)
Thomas de Quincey: https://en.wikipedia.org/wiki/Thomas_De_Quincey
Three Men in a Boat: https://en.wikipedia.org/wiki/Three_Men_in_a_Boat
Tibor Fischer: https://en.wikipedia.org/wiki/Tibor_Fischer
Tim Bowler: https://en.wikipedia.org/wiki/Tim_Bowler
Tim Heald: https://en.wikipedia.org/wiki/Tim_Heald
Tim Parks: https://en.wikipedia.org/wiki/Tim_Parks
Tim Severin: https://en.wikipedia.org/wiki/Tim_Severin
Tom Bevan: https://en.wikipedia.org/wiki/Tom_Bevan
Tom Brown (satirist): https://en.wikipedia.org/wiki/Tom_Brown_(satirist)
Tom Brown's Schooldays: https://en.wikipedia.org/wiki/Tom_Brown%27s_School_Days
Tom Holland (author): https://en.wikipedia.org/wiki/Tom_Holland_(author)
Tom Holt: https://en.wikipedia.org/wiki/Tom_Holt
Tom Mallin: https://en.wikipedia.org/wiki/Tom_Mallin
Tom Sharpe: https://en.wikipedia.org/wiki/Tom_Sharpe
Tom's Midnight Garden: https://en.wikipedia.org/wiki/Tom%27s_Midnight_Garden
Tony O'Neill: https://en.wikipedia.org/wiki/Tony_O%27Neill
Tony White (writer): https://en.wikipedia.org/wiki/Tony_White_(writer)
Topsy and Tim: https://en.wikipedia.org/wiki/Topsy_and_Tim
Trilby (novel): https://en.wikipedia.org/wiki/Trilby_(novel)
Twenty Thousand Streets Under the Sky: https://en.wikipedia.org/wiki/Twenty_Thousand_Streets_Under_the_Sky
Tyne O'Connell: https://en.wikipedia.org/wiki/Tyne_O%27Connell
Ulverton (novel): https://en.wikipedia.org/wiki/Ulverton_(novel)
Una Lucy Silberrad: https://en.wikipedia.org/wiki/Una_Lucy_Silberrad
Una McCormack: https://en.wikipedia.org/wiki/Una_McCormack
Una-Mary Parker: https://en.wikipedia.org/wiki/Una-Mary_Parker
Under Two Flags (novel): https://en.wikipedia.org/wiki/Under_Two_Flags_(novel)
Under the Frog: https://en.wikipedia.org/wiki/Under_the_Frog
Up the Junction: https://en.wikipedia.org/wiki/Up_the_Junction
Ursula Bentley: https://en.wikipedia.org/wiki/Ursula_Bentley
V. S. Naipaul: https://en.wikipedia.org/wiki/V._S._Naipaul
V. S. Pritchett: https://en.wikipedia.org/wiki/V._S._Pritchett
Valerie Anand: https://en.wikipedia.org/wiki/Valerie_Anand
Valerie Grosvenor Myer: https://en.wikipedia.org/wiki/Valerie_Grosvenor_Myer
Vanessa Walters: https://en.wikipedia.org/wiki/Vanessa_Walters
Vanity Fair (novel): https://en.wikipedia.org/wiki/Vanity_Fair_(novel)
Vathek: https://en.wikipedia.org/wiki/Vathek
Vaughan Wilkins: https://en.wikipedia.org/wiki/Vaughan_Wilkins
Vera Brittain: https://en.wikipedia.org/wiki/Vera_Brittain
Verdict of Twelve: https://en.wikipedia.org/wiki/Verdict_of_Twelve
Victor Bridges: https://en.wikipedia.org/wiki/Victor_Bridges
Victor Maslin Yeates: https://en.wikipedia.org/wiki/Victor_Maslin_Yeates
Victor Watson (author): https://en.wikipedia.org/wiki/Victor_Watson_(author)
Victoria Holmes: https://en.wikipedia.org/wiki/Victoria_Holmes
Vincent Brome: https://en.wikipedia.org/wiki/Vincent_Brome
Violet Hunt: https://en.wikipedia.org/wiki/Violet_Hunt
Virginia Woolf: https://en.wikipedia.org/wiki/Virginia_Woolf
Viriconium: https://en.wikipedia.org/wiki/Viriconium
Vita Sackville-West: https://en.wikipedia.org/wiki/Vita_Sackville-West
Vivian Stuart: https://en.wikipedia.org/wiki/Vivian_Stuart
Vivien Alcock: https://en.wikipedia.org/wiki/Vivien_Alcock
W. E. Johns: https://en.wikipedia.org/wiki/W._E._Johns
W. W. Jacobs: https://en.wikipedia.org/wiki/W._W._Jacobs
Wallace Breem: https://en.wikipedia.org/wiki/Wallace_Breem
Walter Allen: https://en.wikipedia.org/wiki/Walter_Allen
Walter Besant: https://en.wikipedia.org/wiki/Walter_Besant
Walter Greenwood: https://en.wikipedia.org/wiki/Walter_Greenwood
Walter de la Mare: https://en.wikipedia.org/wiki/Walter_de_la_Mare
Warren Ellis: https://en.wikipedia.org/wiki/Warren_Ellis
Warwick Deeping: https://en.wikipedia.org/wiki/Warwick_Deeping
Watership Down: https://en.wikipedia.org/wiki/Watership_Down
Westward Ho!: https://en.wikipedia.org/wiki/Westward_Ho!
White Teeth: https://en.wikipedia.org/wiki/White_Teeth
Wide Sargasso Sea: https://en.wikipedia.org/wiki/Wide_Sargasso_Sea
Wikipedia:Reliable sources: https://en.wikipedia.org/wiki/Wikipedia:Reliable_sources
Wikipedia:WikiProject Lists: https://en.wikipedia.org/wiki/Wikipedia:WikiProject_Lists
Wilkie Collins: https://en.wikipedia.org/wiki/Wilkie_Collins
Will Self: https://en.wikipedia.org/wiki/Will_Self
William Beckford (novelist): https://en.wikipedia.org/wiki/William_Beckford_(novelist)
William Boyd (writer): https://en.wikipedia.org/wiki/William_Boyd_(writer)
William Bury Westall: https://en.wikipedia.org/wiki/William_Bury_Westall
William Cooper (novelist): https://en.wikipedia.org/wiki/William_Cooper_(novelist)
William De Morgan: https://en.wikipedia.org/wiki/William_De_Morgan
William Delafield Arnold: https://en.wikipedia.org/wiki/William_Delafield_Arnold
William Dodd (clergyman): https://en.wikipedia.org/wiki/William_Dodd_(priest)
William Godwin: https://en.wikipedia.org/wiki/William_Godwin
William Godwin the Younger: https://en.wikipedia.org/wiki/William_Godwin_the_Younger
William Golding: https://en.wikipedia.org/wiki/William_Golding
William Harrison Ainsworth: https://en.wikipedia.org/wiki/William_Harrison_Ainsworth
William Holt (writer): https://en.wikipedia.org/wiki/William_Holt_(writer)
William Horwood (novelist): https://en.wikipedia.org/wiki/William_Horwood_(novelist)
William James Dawson: https://en.wikipedia.org/wiki/William_James_Dawson
William John Locke: https://en.wikipedia.org/wiki/William_John_Locke
William Makepeace Thackeray: https://en.wikipedia.org/wiki/William_Makepeace_Thackeray
William Matthew Scott: https://en.wikipedia.org/wiki/William_Matthew_Scott
William Mayne: https://en.wikipedia.org/wiki/William_Mayne
William Morris: https://en.wikipedia.org/wiki/William_Morris
William Price Drury: https://en.wikipedia.org/wiki/William_Price_Drury
William Rufus Chetwood: https://en.wikipedia.org/wiki/William_Rufus_Chetwood
William Somerset Maugham: https://en.wikipedia.org/wiki/W._Somerset_Maugham
Willie Riley: https://en.wikipedia.org/wiki/Willie_Riley
Wilt (novel): https://en.wikipedia.org/wiki/Wilt_(novel)
Windyridge: https://en.wikipedia.org/wiki/Windyridge
Winifred Holtby: https://en.wikipedia.org/wiki/Winifred_Holtby
Wives and Daughters: https://en.wikipedia.org/wiki/Wives_and_Daughters
Wolf Hall: https://en.wikipedia.org/wiki/Wolf_Hall
Wuthering Heights: https://en.wikipedia.org/wiki/Wuthering_Heights
Wyl Menmuir: https://en.wikipedia.org/wiki/Wyl_Menmuir
Young Shoulders: https://en.wikipedia.org/wiki/Young_Shoulders
Zadie Smith: https://en.wikipedia.org/wiki/Zadie_Smith
Zuleika Dobson: https://en.wikipedia.org/wiki/Zuleika_Dobson
