Ahn Jung-hyo: https://en.wikipedia.org/wiki/Ahn_Junghyo
Ahn Soo-kil: https://en.wikipedia.org/wiki/An_Sugil
Bae Su-ah: https://en.wikipedia.org/wiki/Bae_Suah
Baek Minseok: https://en.wikipedia.org/wiki/Baek_Minseok
Bang Hyun-seok: https://en.wikipedia.org/wiki/Bang_Hyeon-seok
Bang Young-ung: https://en.wikipedia.org/wiki/Bang_Young-ung
Bok Koh-il: https://en.wikipedia.org/wiki/Bok_Geo-il
Chae Man-shik: https://en.wikipedia.org/wiki/Chae_Man-sik
Cheon Myeong-kwan: https://en.wikipedia.org/wiki/Cheon_Myeong-kwan
Cho Hae-il: https://en.wikipedia.org/wiki/Cho_Hae-il
Cho Se-hui: https://en.wikipedia.org/wiki/Cho_Se-hui
Cho Seon-jak: https://en.wikipedia.org/wiki/Cho_Seon-jak
Cho Sung-ki: https://en.wikipedia.org/wiki/Cho_Sung-ki
Choe Yun: https://en.wikipedia.org/wiki/Choe_Yun
Choi Il-nam: https://en.wikipedia.org/wiki/Choi_Il-nam
Choi In-ho: https://en.wikipedia.org/wiki/Choi_In-ho
Choi In-hun: https://en.wikipedia.org/wiki/Choi_In-hun
Choi Soo-cheol: https://en.wikipedia.org/wiki/Choi_Suchol
Chun Woon-young: https://en.wikipedia.org/wiki/Cheon_Un-yeong
Gong Ji-young: https://en.wikipedia.org/wiki/Gong_Ji-young
Gong Sun-ok: https://en.wikipedia.org/wiki/Gong_Sun-ok
Gu Hyo-seo: https://en.wikipedia.org/wiki/Gu_Hyo-seo
Ha Geun-chan: https://en.wikipedia.org/wiki/Ha_Geun-chan
Ha Seong-nan: https://en.wikipedia.org/wiki/Ha_Seong-nan
Hailji: https://en.wikipedia.org/wiki/Hailji
Han Chang-hun: https://en.wikipedia.org/wiki/Han_Changhoon
Han Kang: https://en.wikipedia.org/wiki/Han_Kang
Han Mahlsook: https://en.wikipedia.org/wiki/Han_Malsook
Han Moo-sook: https://en.wikipedia.org/wiki/Han_Moo-sook
Han Sorya: https://en.wikipedia.org/wiki/Han_Sorya
Han Su-san: https://en.wikipedia.org/wiki/Han_Su-san
Heo Gyun: https://en.wikipedia.org/wiki/Heo_Gyun
Hong Sung-won: https://en.wikipedia.org/wiki/Hong_Sung-won
Hwang Suk-young: https://en.wikipedia.org/wiki/Hwang_Sok-yong
Hwang Sun-mi: https://en.wikipedia.org/wiki/Hwang_Sun-mi
Hwang Sun-won: https://en.wikipedia.org/wiki/Hwang_Sun-won
Hyun Jin-geon: https://en.wikipedia.org/wiki/Hyun_Jin-geon
Hyun Kil-Un: https://en.wikipedia.org/wiki/Hyun_Kil-un
ISBN (identifier): https://en.wikipedia.org/wiki/International_Standard_Book_Number
Im Chul-woo: https://en.wikipedia.org/wiki/Lim_Chulwoo
Jang Eun-jin: https://en.wikipedia.org/wiki/Jang_Eun-jin
Jang Jeong-il: https://en.wikipedia.org/wiki/Jang_Jung-il
Jeon Gyeong-rin: https://en.wikipedia.org/wiki/Jon_Kyongnin
Jeon Sang-guk: https://en.wikipedia.org/wiki/Jeon_Sang-guk
Jeong Chan (author): https://en.wikipedia.org/wiki/Jung_Chan_(author)
Jeong Do-sang: https://en.wikipedia.org/wiki/Jeong_Do-sang
Jo Jung-rae: https://en.wikipedia.org/wiki/Jo_Jung-rae
Jo Kyung-ran: https://en.wikipedia.org/wiki/Jo_Kyung-ran
Jung Eun-gwol: https://en.wikipedia.org/wiki/Jung_Eun-gwol
Jung Hansuk: https://en.wikipedia.org/wiki/Jung_Hansuk
Jung Ihyun: https://en.wikipedia.org/wiki/Jung_Ihyun
Jung Mi-kyung: https://en.wikipedia.org/wiki/Jung_Mikyung
Jung Young-moon: https://en.wikipedia.org/wiki/Jung_Young-moon
Kang Kyeong-ae: https://en.wikipedia.org/wiki/Kang_Kyeong-ae
Kang Sok-Kyong: https://en.wikipedia.org/wiki/Kang_Sok-kyong
Kang Young-sook: https://en.wikipedia.org/wiki/Kang_Young-sook
Kim Ae-ran: https://en.wikipedia.org/wiki/Ae-ran_Kim
Kim Byeol-ah: https://en.wikipedia.org/wiki/Kim_Byeol-ah
Kim Chae-won (writer): https://en.wikipedia.org/wiki/Kim_Chae-won_(writer)
Kim Chi-won: https://en.wikipedia.org/wiki/Kim_Chi-won
Kim Dong-in: https://en.wikipedia.org/wiki/Kim_Dong-in
Kim Dong-ni: https://en.wikipedia.org/wiki/Kim_Tong-ni
Kim Gu-yong: https://en.wikipedia.org/wiki/Kim_Gu-yong
Kim Gyeong Uk: https://en.wikipedia.org/wiki/Kim_Kyung-uk
Kim Haki: https://en.wikipedia.org/wiki/Kim_Haki
Kim In-suk: https://en.wikipedia.org/wiki/Kim_Insuk
Kim Jae-Young: https://en.wikipedia.org/wiki/Kim_Jae-young
Kim Jeong-hwan (poet): https://en.wikipedia.org/wiki/Kim_Jeong-hwan_(poet)
Kim Ju-yeong: https://en.wikipedia.org/wiki/Kim_Joo-young
Kim Mi-wol: https://en.wikipedia.org/wiki/Kim_Mi-wol
Kim Moon-soo (novelist): https://en.wikipedia.org/wiki/Kim_Moon-soo_(novelist)
Kim Myeong-sun: https://en.wikipedia.org/wiki/Kim_Myeong-sun
Kim Ryeo-ryeong: https://en.wikipedia.org/wiki/Kim_Ryeo-ryeong
Kim Seong-dong: https://en.wikipedia.org/wiki/Kim_Seong-Dong
Kim Seung-ok: https://en.wikipedia.org/wiki/Kim_Seungok
Kim Tak-hwan: https://en.wikipedia.org/wiki/Kim_Takhwan
Kim Won-il: https://en.wikipedia.org/wiki/Kim_Won-il
Kim Wonu: https://en.wikipedia.org/wiki/Kim_Wonu
Kim Yeon-su: https://en.wikipedia.org/wiki/Kim_Yeonsu
Kim Yeong-hyeon: https://en.wikipedia.org/wiki/Kim_Yeong-hyeon
Kim Yong-ik: https://en.wikipedia.org/wiki/Kim_Yong-ik
Kim Yong-man (writer): https://en.wikipedia.org/wiki/Kim_Yong-man_(writer)
Kim Yoo-jung (novelist): https://en.wikipedia.org/wiki/Gim_Yujeong
Kim Young-ha: https://en.wikipedia.org/wiki/Kim_Young-ha
Korean literature: https://en.wikipedia.org/wiki/Korean_literature
Kwon Jeong Saeng: https://en.wikipedia.org/wiki/Kwon_Jeong-saeng
Kwon Yeo-sun: https://en.wikipedia.org/wiki/Kwon_Yeo-sun
Lee Dong-ha: https://en.wikipedia.org/wiki/Lee_Dong-ha
Lee Ho-cheol: https://en.wikipedia.org/wiki/Lee_Ho-cheol
Lee Hyo-seok: https://en.wikipedia.org/wiki/Lee_Hyo-seok
Lee In-hwa: https://en.wikipedia.org/wiki/Yi_In-hwa
Lee Jangwook: https://en.wikipedia.org/wiki/Lee_Jangwook
Lee Ki-ho (author): https://en.wikipedia.org/wiki/Lee_Ki-ho_(writer)
Lee Kyun-young: https://en.wikipedia.org/wiki/Lee_Kyun-young
Lee Mankyo: https://en.wikipedia.org/wiki/Lee_Mankyo
Lee Mun Ku: https://en.wikipedia.org/wiki/Lee_Mun-ku
Lee Oyoung: https://en.wikipedia.org/wiki/Lee_O-young
Lee Seung-u: https://en.wikipedia.org/wiki/Lee_Seung-u
Lee Soon-won: https://en.wikipedia.org/wiki/Lee_Soon-won
Lee Yun-gi: https://en.wikipedia.org/wiki/Lee_Yun-gi
Lee Ze-ha: https://en.wikipedia.org/wiki/Lee_Ze-ha
List of African novelists: https://en.wikipedia.org/wiki/List_of_African_novelists
List of American novelists: https://en.wikipedia.org/wiki/List_of_American_novelists
List of Australian novelists: https://en.wikipedia.org/wiki/List_of_Australian_novelists
List of English novelists: https://en.wikipedia.org/wiki/List_of_English_novelists
List of French novelists: https://en.wikipedia.org/wiki/List_of_French_novelists
List of Ghanaian novelists: https://en.wikipedia.org/wiki/List_of_Ghanaian_novelists
List of Irish novelists: https://en.wikipedia.org/wiki/List_of_Irish_novelists
List of Korean-language poets: https://en.wikipedia.org/wiki/List_of_Korean-language_poets
List of Koreans: https://en.wikipedia.org/wiki/List_of_people_of_Korean_descent
List of Nigerian novelists: https://en.wikipedia.org/wiki/List_of_Nigerian_novelists
List of Polish novelists: https://en.wikipedia.org/wiki/List_of_Polish_novelists
List of Portuguese novelists: https://en.wikipedia.org/wiki/List_of_Portuguese_novelists
List of Scottish novelists: https://en.wikipedia.org/wiki/List_of_Scottish_novelists
List of novelists by nationality: https://en.wikipedia.org/wiki/List_of_novelists_by_nationality
Na Hye-sok: https://en.wikipedia.org/wiki/Na_Hye-sok
Nam Jung-hyun: https://en.wikipedia.org/wiki/Nam_Jung-hyun
O Yeong-su (writer): https://en.wikipedia.org/wiki/O_Yeong-su_(writer)
Oh Jung-hee (writer): https://en.wikipedia.org/wiki/Oh_Jung-hee
Oh Sangwon: https://en.wikipedia.org/wiki/Oh_Sangwon
Oh Soo-yeon (author): https://en.wikipedia.org/wiki/Oh_Soo-yeon_(novelist)
Paik Gahuim: https://en.wikipedia.org/wiki/Paik_Gahuim
Park Beom-shin: https://en.wikipedia.org/wiki/Park_Bum-shin
Park Chong-hwa: https://en.wikipedia.org/wiki/Park_Chong-hwa
Park Hyoung-su: https://en.wikipedia.org/wiki/Park_Hyoung-su
Park Kyung-ni: https://en.wikipedia.org/wiki/Pak_Kyongni
Park Min-gyu (writer): https://en.wikipedia.org/wiki/Park_Min-gyu
Park Sang-ryung: https://en.wikipedia.org/wiki/Park_Sang-ryung
Park Taesun: https://en.wikipedia.org/wiki/Park_Taesun
Park Taewon: https://en.wikipedia.org/wiki/Park_Taewon
Park Wan-suh: https://en.wikipedia.org/wiki/Park_Wan-suh
Park Yeonghan: https://en.wikipedia.org/wiki/Park_Yeonghan
Seo Hajin: https://en.wikipedia.org/wiki/Seo_Hajin
Seo Jeong-in: https://en.wikipedia.org/wiki/Seo_Jeong-in
Shin Kyung-sook: https://en.wikipedia.org/wiki/Shin_Kyung-sook
Sim Yunkyung: https://en.wikipedia.org/wiki/Sim_Yunkyung
So Young-en: https://en.wikipedia.org/wiki/So_Young-en
Son Bo-mi: https://en.wikipedia.org/wiki/Son_Bo-mi
Song Gisuk: https://en.wikipedia.org/wiki/Song_Gisuk
Song Giwon: https://en.wikipedia.org/wiki/Song_Giwon
Song Sokze: https://en.wikipedia.org/wiki/Song_Sokze
Song Soo-Kwon: https://en.wikipedia.org/wiki/Song_Soo-kwon
Song Yeong: https://en.wikipedia.org/wiki/Song_Yeong
Template:Lists of novelists by nationality: https://en.wikipedia.org/wiki/Template:Lists_of_novelists_by_nationality
Yang Gui-ja: https://en.wikipedia.org/wiki/Yang_Gui-ja
Yi Chong-jun: https://en.wikipedia.org/wiki/Yi_Chong-jun
Yi In-Seong: https://en.wikipedia.org/wiki/Yi_In-seong
Yi Kwang-su: https://en.wikipedia.org/wiki/Yi_Kwang-su
Yi Kyoung-Ja: https://en.wikipedia.org/wiki/Yi_Kyoung-ja
Yi Mun-yol: https://en.wikipedia.org/wiki/Yi_Mun-yol
Yi Sang: https://en.wikipedia.org/wiki/Yi_Sang
Yom Sang-seop: https://en.wikipedia.org/wiki/Yeom_Sang-seop
Yoo Jae-yong: https://en.wikipedia.org/wiki/Yoo_Jae-yong
Younghill Kang: https://en.wikipedia.org/wiki/Younghill_Kang
Yu Haeon-jong: https://en.wikipedia.org/wiki/Yoo_Hyeonjong
Yun Dae-nyeong: https://en.wikipedia.org/wiki/Yoon_Dae-nyeong
Yun Heung-gil: https://en.wikipedia.org/wiki/Yun_Heunggil
